FID_CLIENTE,BAIRRO
455,CHARITAS
456,PIEDADE
457,GRAJAU
458,COLUBANDE
459,TRINDADE
461,GUADALUPE
462,OSWALDO CRUZ
464,MADUREIRA
466,PAVUNA
467,PAVUNA
469,HONORIO GURGEL
471,MARECHAL HERMES
472,GUADALUPE
474,GUADALUPE
477,HUMAITA
478,BOTAFOGO
479,CENTRO
481,CENTRO
483,BOTAFOGO
484,COPACABANA
486,BUTANTA
266,DR LAUREANO
267,TIJUCA
272,VIGARIO GERAL
273,BRAZ DE PINA
274,TIJUCA
276,REALENGO
279,CHACARAS RIO PETROPO
281,JUSCELINO
282,TAUA
283,PORTO VELHO
285,BENFICA
286,BONSUCESSO
287,OLARIA
289,JACARE
292,MANGUINHOS
294,PENHA
298,INHAUMA
4280,ITAUNA
4281,COELHO
4282,COLUBANDE 
4285,SENADOR CAMARA 
490,TAQUARA
492,TAQUARA
493,CURICICA
496,JACAREPAGUA
497,JD PRIMAVERA
499,BAR DOS CAVALEIROS
500,ITAUNA
503,JARDIM GRAMACHO 
1,TIJUCA
2,INHAUMA
3,BOTAFOGO
4,CENTRO
5,XAVANTE
6,PARQUE TIETE
7,VILA PAULINE
8,DEL CASTILHO
9,MUTUAPIRA
13,NOVA CIDADE
16,METROPOLE
17,VILA OPERARIA
19,VALE DAS MANGUEIRAS
24,MADUREIRA
25,BOACU
27,GAVEA/ROCINHA
28,GRAMA/MG.COUTO
31,POSSE
34,PENHA CIRCULAR
36,ADRIANOPOLIS
37,CENTRO
40,BENTO RIBEIRO
41,COMENDADOR SOARES
42,GRAMACHO
43,RECREIO DOS BANDEIRA
44,SENADOR CAMARA
45,VILA ISABEL
46,REALENGO
47,JARDIM GRAMACHO
48,VILA VALQUEIRE
50,VILA SAO LUIZ
51,MUTONDO
52,PARQUE SAO VICENTE
55,MADUREIRA
56,OLARIA
58,TIJUCA
61,PQ NOVA ESPERANCA
64,ANCHIETA
66,OLARIA
67,25 DE AGOSTO
70,VILA CAMARIM
74,PARQUE FLORA 
76,TAUA
77,BENFICA
79,RAMOS
80,AGUA SANTA
81,CACHAMBI
82,BANGU
83,CENTRO 
85,PARAISO 
86,PAVUNA
87,CENTRO
88,PORTO DA PEDRA
90,PENHA CIRCULAR
54,STA TEREZINHA
93,TIJUCA
95,PILARES
97,VENDA DAS PEDRAS
99,DEL CASTILHO
100,MANILHA
102,VILA ISABEL
103,SANTO ALEIXO
106,ALTO DA BOA VISTA
108,CENTRO
110,CENTRO 
111,MARE
112,CENTRO 
113,SALGUEIRO
114,ALCANTARA
116,CENTRO
118,TANQUE
120,TIJUCA
121,VILA ISABEL
122,RAMOS
124,ANDRADE ARAUJO
125,VILA ISABEL
126,COELHO DA ROCHA
129,ALTO DA BOA VISTA
132,COELHO
133,JARDIM CATARINA
134,OUTEIRO DAS PEDRAS
136,VILA DE CAVA
137,CABUCU
139,PIABETA-CENTRO
140,SARCURUNA
141,CENTRO 
144,VAZ MARTINS
145,PORTO DE MADAMA
147,BOASSU
149,IPANEMA
150,ROSA DOS VENTOS
153,IRAJA
155,MIGUEL COUTO
156,ANTONINA
160,VILA CAMARIM
161,CAMARIM
89,ROCHA 
162,COMENDADOR SOARES
163,MANGUEIRA
164,ROSA DOS VENTOS
165,MORRO AGUDO
167,BRAZ DE PINA
168,CENTRO
171,JACAREPAGUA
172,CARMARI
176,CACHAMBI
177,ANDORINHAS
179,MUTONDO
183,VILA DA PENHA
186,CACHAMBI
188,CENTRO
191,GRAMACHO
193,VILA VALQUEIRE
194,SARAPUY
195,CACUIA
4894,LINS DE VASCONCELOS
4895,CURICICA
488,GARDENIA AZUL
198,AMENDOEIRA
199,BRASILANDIA
202,BRASILANDIA
203,GALEAO
204,VISTA ALEGRE
205,PQ SAO JOSE
4268,
4269,ICARAI
211,COPACABANA
212,ITATIAIA
213,QUEIMADOS
214,JARDIM LEAL
216,COPACABANA
217,ALCANTARA
219,LAGOINHA
222,ILHA DO GOVERNADOR
226,JD PRIMAVERA
229,VILA SANTA ALICE
230,PORTO DA PEDRA
4271,ENGENHO DE DENTRO
4272,VILA DO TINGUA
4276,ITAUNA
232,ZUMBI/ILHA GOV
233,COPACABANA
234,VILA SAO LUIZ
235,PAULICEIA
236,COPACABANA
237,COPACABANA
238,SHANGRILAR/MG COUTO
239,MANTIQUEIRA/XEREM
241,HELIOPOLIS
243,RIBEIRA / ILHA
244,JARDIM CATARINA
246,CENTRO
247,LAGOINHA
248,PQ BEIRA MAR
254,CACUIA/ILHA
255,DA PRATA
256,PILAR
258,VILA IRACEMA
265,BARRA DA TIJUCA
20,PORTO NOVO
123,CABUCU
346,CACHAMBI
347,MEIER
348,MEIER
349,MEIER
350,BRAZ DE PINA
351,TODOS OS SANTOS
352,PENHA
353,PENHA
355,BONSUCESSO
356,RAMOS
358,DEL CASTILHO
359,MANGUINHOS
361,HUMAITA
364,OLARIA
367,BENFICA
371,JURUJUBA
373,ENGENHOCA
374,RIO COMPRIDO
375,ENGENHO PEQUENO
376,MARE
151,CENTRO
379,VILA IZABEL
380,TIJUCA
383,LARANJAL
384,SANTA CATARINA
385,CENTRO
386,CENTRO
388,COPACABANA
389,COPACABANA
391,VILA LAJE
392,PORTO DA PEDRA
394,COELHO
395,ANTONINA
396,FONSECA
399,SAO FRANCISCO
401,ITAIPU
403,ICARAI
405,PONTA DA AREIA
407,SAO FRANCISCO
409,SANTA ROSA
414,BOA VISTA
84,CACHAMBI
417,TRINDADE
418,FONSECA
419,BARRETO
420,GALO BRANCO
422,ICARAI
426,CAVALCANTE
427,MANGUINHOS
428,MARIA DA GRACA
429,BONSUCESSO
432,ENGENHOCA
433,JARDIM BOTANICO
435,TIJUCA
438,POSSE
442,MARE
443,PAVUNA
444,VILA DA PENHA
445,CENTRO
448,LOTE XV
449,GRACAS
451,MARE
452,SAO CRISTOVAO
914,ROCHA MIRANDA
916,BENTO RIBEIRO
917,MARECHAL HERMES
919,BARROS FILHO
920,AREIA BRANCA
504,HELIOPOLIS
505,A DE ARAUJO
4331,LAGOINHA 
507,JARDIM PRIMAVERA
509,BEIRA MAR
512,PERIQUITOS
516,JARDIM PRIMAVERA 
517,SARACURUNA
518,SARACURUNA
520,CENTENARIO
522,PILAR
523,HELIOPOLIS
525,TRINDADE
526,MUTUA 
527,BARRO VERMELHO
4334,SENADOR CAMARA 
4336,REALENGO 
534,JACAREPAGUA 
537,JARDIM GRAMACHO
538,TAQUARA
540,ANIL
541,ANIL
543,JACAREPAGUA
545,PECHINCHA
546,FREGUESIA 
547,FREGUESIA
548,PECHINCHA
549,FREGUESIA
550,FREGUESIA
553,JACAREPAGUA
554,CURICICA
557,JACAREPAGUA
560,COPACABANA
562,CENTENARIO
563,CENTRO
567,PARADA ANGELICA
568,JD MERITI
4905,SANTA CRUZ
570,JD MERITI
571,EDEN
573,SANTA AMELIA
574,PQ SAO VICENTE
575,EDEN
578,BOM PASTOR
579,NOVA ESPERANCA
581,AGOSTINHO PORTO
584,CENTRO
585,MAGALHAES BASTOS
587,DEODORO
588,COLEGIO
589,PARADA DE LUCAS
590,REALENGO
592,TAQUARA
596, GRAMACHO
598,SARACURUNA
4378,CABUCU
4380,FAZENDA DOS MINEIROS
4381,CENTRO
601,PARQUE URUGUAIANA
602,JARDIM PRIMAVERA
4382,LUZ
605,MANTIQUEIRA
607,PARADA ANGELICA
608,CENTRO
610,FLAMENGO
614,COPACABANA
615,COPACABANA
619,PARADA DE LUCAS
620,COPACABANA
623,LARANJEIRAS
624,CENTRO
625,CENTRO
626,CENTRO
627,CENTRO
629,LARANJEIRAS
631,CENTRO
635,CAMPOS ELYSEOS
4385,COLUBANDE
4387,BANGU
299,VILA IZABEL
301,JACARE
302,ABOLICAO
303,JACARE
305,COLEGIO
306,BONSUCESSO
307,VISTA ALEGRE
310,BARRA DA TIJUCA
311,PENHA
312,VILA ISABEL
313,OLARIA
314,CAVALVANTE
315,INHAUMA
317,MANGUINHOS
318,JACAREZINHO
319,MARE
321,BONSUCESSO
326,BARRO VERMELHO
328,PILARES
330,MARE
331,MARE
333,OLARIA
335,INHAUMA
336,HIGIENOPOLIS
338,CACHAMBI
339,VISTA ALEGRE
341,QUINTINO BACAIUVA
342,OLARIA
344,HIGIENOPOLIS
736,BENFICA
738,FREGUESIA
739,FREGUESIA
740,PQ JOAO PESSOA
741,VILA SAO LUIS
742,FRAGOSO
743,ITATIAIA
744,MIRIAMBI
747,NOVA CAMPINA
750,HIGIENOPOLIS
753,VILA ROSARIO
755,PILAR
757,MEIER
758,CACHAMBI
759,TRES RIOS
762,PARQUE LAFAIETE
766,RAMOS
767,TODOS OS SANTOS
769,PIABETA
770,HIGIENOPOLIS
772,OLARIA
775,VILA SAO LUIZ
777,CABUCU
778,PACHECO
779,VISTA ALEGRE
781,CHACARA RIO CAPIVARI
4338,BANGU 
4339,BANGU 
786,CENTENARIO
787,SAO BENTO
4341,GAVEA 
4344,PONTO CHIC
4345,BAIA BRANCA
754,PARQUE VITORIA
790,BARAO DE ANGRA
791,VISTA ALEGRE
792,CAPIVARI
4346,GRADIM 
4347,PADRE MIGUEL 
798,JARDIM PRIMAVERA
800,RECREIO DOS BANDEIRA
802,BARRA DA TIJUCA
805,BARRA DA TIJUCA
807,BARRA DA TIJUCA
808,VISTA ALEGRE
924,LOTE XV
925,OLINDA
926,CENTRO
927,CENTRO
929,CENTRO
930,CENTRO
932,CENTRO
4348,ITAIPU 
4352,Parque dos Califas
934,PAVUNA
935,PARQUE COLUMBIA
937,PARQUE COLUMBIA
939,PAVUNA
941,SAO BENTO
942,VILAR SAO LUIZ
944,SARACURUNA
945,PARQUE SANTA LUCIA
946,ANCHIETA
951,ANCHIETA
954,MARECHAL HERMES
956,GUADALUPE
957,COPACABANA
958,COPACABANA
959,MARECHAL HERMES
961,CATETE
963,BOTAFOGO
964,BOTAFOGO
967,JARDIM GUANABARA
783,CHAC. RIO PETROPOLIS
968,JACAREPAGUA
973,PECHINCHA
975,CENTRO
976,CATETE
977,TAQUARA
980,PIABETA
983,PIABETA
4354,Brasilandia
988,PARADA ANGELICA
989,PIABETA
990,PIABETA
992,ICARAI
994,BAIRRO DOS CAVALEIRO
997,ICARAI
999,ICARAI
1000,VILA ISABEL
1002,PARQUE PAULISTA
1003,PIABETA
4357,VILA DE CAVA
4358,VILA DO JOAO
4359,PRAIA DO SACO 
595,FREGUESIA
1004,25 DE AGOSTO
1007,TURIACU
1008,PIRATININGA
1010,JARDIM GRAMACHO
1012,JARDIM AMERICA
1013,RAMOS
1015,BRAZ DE PINA
1020,PARQUE UNIAO
1021,CAMPO GRANDE
1022,CORDOVIL
1025,BRAZ DE PINA
1026,SAO GONCALO
1032,JARDIM AMERICA
1034,MARE 
1036,CAJU 
1037,PENHA CIRCULAR 
1039,VENDA DAS PEDRAS
1040,JD 25 DE AGOSTO
1041,GRAMACHO C MENINOS
4908,SANTA ROSA
322,VILA ISABEL
1044,PQ FLUMINENSE
4361,CAMPO GRANDE 
1047,FIGUEIRA
1048,PQ INDEPENDENCIA
1049,BOTAFOGO
1053,PACIENCIA
1054,PENHA
1055,CAMPO GRANDE
1056,CAMPO GRANDE 
4362,BANGU 
1059,CHACARAS ARCAMPO
1062,GUARATIBA
1063,OLARIA
1065,CAMPO GRANDE
4364,VAZ LOBO 
1069,CHACARAS ARCAMPO
1071,REALENGO
1072,GALO BRANCO
810,PITA
4366,CENTRO 
4367,JARDIM BOTANICO
4368,CAMPO GRANDE 
812,PARAISO
813,BARRA DA TIJUCA
814,BARRA DA TIJUCA
815,BARRA DA TIJUCA
816,TIJUCA
818,ANDARAI
819,MARECHAL HERMES
822,VILA VALQUEIRE
823,SAO BENTO
826,BARRA DA TIJUCA
827,BARRA DA TIJUCA
831,SAO CRISTOVAO
832,TIJUCA
833,GRAJAU
835,MEIER
837,CENTRO
839,JACARE
840,VIGARIO GERAL
842,VILA NORMA
960,CENTRO
846,BARRA DA TIJUCA
847,SANTA ROSA
848,GRADIM
849,VILA NASCIMENTO
851,VITAL BRASIL
852,LARGO DA IDEIA
853,COVANCA
854,SANTA LUZIA
855,VILA LEOPOLDINA
856,PARAISO
859,JARDIM 25 DE AGOSTO
860,COPACABANA
861,VILAR SAO JOAO
864,ROCHA 
865,BARRA DA TIJUCA
869,CENTRO 
871,VILA STO ANTONIO
872,BARRETO
875,VILAR DOS TELES
530,VILA SARAPUI GRAMACH
879,ANDRADE DE ARAUJO
4375,Imbarie
883,CAJU
884,CENTRO
886,VILA VALQUEIRE
888,PENHA CIRCULAR
892,TIJUCA
893,CENTRO
894,VENDA DAS PEDRAS
895,SANTA ROSA
897,JOSE PINHEIRO
899,SANTA LUZIA
903,BOA VISTA
905,BARRA DA TIJUCA
907,CENTRO
911,SAO BERNARDO
913,ROCHA MIRANDA
4371,PARQUE MODERNO 
4373,PARAISO
4374,JARDIM ANHANGA
776,EDEN
1459,LINDO PARQUE 
1462,CAMBOINHAS 
1465,SARACURUNA
1468,TURIACU
1469,CENTRO
1471,INHAUMA
1473,SANTA CATARINA
1474,JARDIM AMERICA
1476,SAO CRISTOVAO
1477,PIABETA
1478,PARADA ANGELICA
1480,VAZ LOBO
1483,JARDIM AMERICA
1484,PIABETA
1485,MARIA PAULA
1486,ITAIPU
1488,ENGENHOCA
1491,REALENGO
1492,C GRANDE
1493,ACARI
1494,JARDIM AMERICA
1496,RECREIO DOS BANDEIRN
1497,CAMPO GRANDE
1498,CAMPO GRANDE
1499,VIGARIO GERAL
1501,PENDOTIBA
1502,COELHO NETO
1505,SANTA CATARINA
1507,ITAUNA
1509,VISTA ALEGRE
1510,VILA OPERARIA
1512,CENTRO
1514,PENDOTIBA
1515,CAMPO GRANDE
1518,SEPETIBA
1519,CAMPO GARNDE
1520,JARDIM CATARINA
1521,CAMPO GRANDE
1073,SENADOR CAMARA
1074,SANTA MARIA
1076,PENHA
1077,CUBANGO
1082,JD GRAMACHO
1083,PILAR
1084,LAPA DE BAIXO
1085,LAPA DE BAIXO
1086,STA LUZIA 
1087,SNT LUZIA
1091,MONJOLOS 
1092,ACARI
1094,RIO DO OURO
1095,JARDIM CATARINA NOVO
1097,SAO JOAQUIM 
1099,CAMPO GRANDE 
1101,CAMPO GRANDE 
1102,ITATIAIA
1105,LARANJAL
1110,SANTA LUZIA 
1111,JARDIM CATARINA
1113,JARDIM CATARINA
1114,COELHO
1116,PAULICEIA
1118,VISTA ALEGRE
1119,VENDA DAS PEDRAS
1120,NOVA HOLANDA 
1121,OLAVO BILAC
1123,SARAPUI
1124,SANTA CRUZ
1127,COLUMBANDE
1128,VILA 3
1130,JARDIM CATARINA
1131,TRIBOBO
1134,CASCADURA 
1137,VILA EMA 
4557,BARRACAO
1140,VISTA ALEGRE
1144,MADUREIRA
1145,JOCKEY CLUBE
1149,IRAJA
1150,GUARATIBA
1152,CENTRO
1154,TURIACU
1155,IRAJA
1159,MORRO DO CASTRO 
4558,CENTRO
4559,JARDIM CATARINA
4561,MUTONDO
4562,BONSUCESSO
4402,PARAISO
638,VILA STO ANTONIO
639,GRAMACHO
641,CAMPOS ELISEOS
642,PARADA ANGELICA
644,GRAMACHO
645,SANTA AMELIA
647,SAO BERNARDO
650,RICARDO DE ALBUQUERQ
653,ICARAI
654,CACUIA
656,PENDOTIBA
657,MARIA PAULA
658,ANDARAI
659,VILA ISABEL
662,OSWALDO CRUZ
663,IRAJA
4404,CARLOS SAMPAIO
4406,PRACA DA BANDEIRA
4407,CENTRO
4408,MIGUEL COUTO
668,ITATIAIA
671,SANTA ISABEL
672,PORTO DA PEDRA
673,PORTO VELHO
678,VILA ISABEL
682,REALENGO
684,REALENGO
685,REALENGO
687,TIJUCA
689,REALENGO
691,PADRE MIGUEL
693,REALENGO
694,REALENGO
696,MAGALHAES BASTOS
698,CENTRO
699,GRANDE RIO
701,GRAJAU
702,TIJUCA
4901,VISTA ALEGRE
4902,JACAREPAGUA
1081,CAMPO GRANDE
704,JD PRIMAVERA
707,PQ ANCHIETA
709,JACAREPAGUA
710,VILA SAO LUIZ
712,AMPLIACAO
713,VISTA ALEGRE
717,SANTA ROSA
719,ITAIPU
720,ITAIPU
722,PIRATININGA
724,ITAIPU
726,SANTA ROSA
731,TAQUARA
733,ROCHA MIRANDA
735,AGOSTINHO PORTO
1320,JD MERITI
4389,VILA SAO LUIZ
1322,TAQUARA
1323,XEREM CAXIAS
4391,RIO DO OURO
697,MAGALHAES BASTOS
1324,RIO COMPRIDO
1326,PIABETA
1327,VILA INGLESA
1328,ENGENHO DE DENTRO
1329,ANDARAI
1330,PQ SANTA EUGENIA - 
1332,PENHA
1334,ENGENHO PEQUENO
4896,ITAIPU
1337,SANTA CRUZ SERRA
1338,JARDIM AMERICA
1341,PENHA CIRCULAR
1343,MUTUA
1347,PARQUE ESPERANCA
1351,PQ VITORIA
1354,PQ FLUMINENSE
1355,BARRETO
1356,MUTUA
1360,JARDIM AMERICA 
1361,AREIA BRANCA AZURITA
4898,SANTA CRUZ
700,ANDARAI
1362,XAVANTE
1363,MUTONDO
1364,PITA
1365,WONA
1366,JARDIM ALMO
1370,CAPIVARI
1372,PQ CALIFORNIA
1375,CENTRO 
1376,SAO BENTO
1377,NOVA CIDADE
1378,TRINDADE
1379,CANGULO/SARACURUNA
1382,COELHO DA ROCHA
1383,BRASILANDIA
1390,BRASILANDIA 
1392,PQ CANAAN
1393,VILA HELIOPOLIS
1394,LAGOINHA
1396,CAMPOS ELISEOS
4566,Jardim Catarina
4568,ENGENHEIRO LEAL
1319,BANGU
1399,JD NOVA ERA
1524,XEREM
1525,PIABETA
1526,SANTA CRUZ DA SERRA
1528,TRINDADE
4396,Chácaras Rio-Petrópolis
1531,JARDIM AMERICA 
1533,OLARIA
1534,JARDIM AMERICA
1536,PENDOTIBA
1538,CORDOVIL
1539,TAQUARA 
1540,VILA PINHEIRO
1544,ACARI
1551,MUTUA
1554,JARDIM PRIMAVERA
1555,CAMPOS ELISEOS
1556,MADUREIRA
1557,VILA BRASIL 
4399,Jardim Gramacho
4400,ITAIPU
1161,JACAREPAGUA
1558,BARRETO
1560,MARIA PAULA
1561,PACHECO
1562,FRAGOSO
1563,ICARAI
1565,LAGOINHA 
1566,JARDIM CATARINA
1567,JACAREPAGUA
1568,BENTO RIBEIRO 
1570,GUADALUPE
1572,SEPETIBA
1573,JARDIM AMERICA
1576,PARQUE ANCHIETA
1577,PARQUE ANCHIETA
1581,CAMPO GRANDE 
1583,BRAZ DE PINA 
1585,SAO CRISTOVAO
1589,PACIENCIA
1591,PADRE MIGUEL
664,CASCADURA
4471,JARDIM MARILICE
1348,PARQ NOVA ESPERANCA
1594,ENGENHEIRO PEDREIRA
1596,JARDIM 25 DE AGOSTO
1597,INHAUMA
1598,PACIENCIA
1599,PACIENCIA
1601,ENGENHEIRO PEDREIRA
1602,AUSTIN
1604,AREIA BRANCA
1605,COSMOS
1606,TINGUA
1607,CAMPO GRANDE
1609,BENTO RIBEIRO
1610,BONSUCESSO
1611,CAMPO GRANDE
1613,CENTRO
1614,31 DE AGO SENZARINHO
1618,SENADOR CAMARA
1619,SENADOR VASCONCELOS
1623,MEIER
1624,BOACU
1625,MARACANA
1627,CUBANGO
1628,PENHA
1630,PORTO NOVO
1632,TRINDADE
1633,MUTONDO
1635,CACUIA
1637,COMENDADOR SOARES
1638,JARDIM GUANDU
1640,MEIER
1641,CATETE
1642,CENTRO
1643,CENTRO
1647,RECREIO DOS BANDEIRA
1648,TIJUCA
1650,BARRA DA TIJUCA
1652,MANGUEIRA
1653,VILA ISABEL
1654,TIJUCA
1657,CALIFORNIA
1658,IMBARIE
1660,FLUMINENSE
1662,J PRIMAVERA
1663,SANTA CRUZ
1665,INHOAIBA
1667,VALE DO IPE
1668,PILAR
1489,TRINDADE
1670,JARDIM PRIMAVERA
1671,VALE MANGUEIRAS
1672,PARQUE FLUMINENSE
1673,SHANGRILAR
1675,REALENGO
1401,VILA TRES
1402,BARRO BRANCO
1403,SAO CRISTOVAO
1406,BANGU
1409,AREIA BRANCA
1410,BARRACAO-PACHECO
1411,LARANJAL
1413,SARACURUNA
1414,MAGALHAES BASTOS
1417,TURIACU
1419,GAVEA
1422,BOTAFOGO
1423,BOTAFOGO
4549,CENTRO
1427,BONSUCESSO
1428,CAMPO GRANDE
1429,CAMPO GRANDE
1433,SANTA LUZIA
1436,TURIACU
1438,SAO CONRADO
1441,BARRETO
1442,FONSECA
1443,BONSUCESSO
1444,ACARI
1447,SARACURUNA
1448,JARDIM CATARINA
1449,JD CATARINA
1450,FAZENDA DOS MINEIROS
1455,REALENGO
1456,CAMPO GRANDE
4554,CAMPO GRANDE
4555,JARDIM DELAMARE
728,SANTA ROSA
1999,CENTRO
2000,CENTRO
2002,CAPIVARI
2003,PACIENCIA
2004,SANTA CRUZ
2008,JACAREZINHO
2009,JACAREZINHO
2010,PILAR
2014,JACAREPAGUA
2016,MESQUITA
2018,INHAUMA
2019,JARDIM MERITI
2020,CAMPO GRANDE
2022,PACIENCIA
2023,SAO CRISTOVAO
2024,SAO JOAO
2029,TIJUCA
4287,CENTRO
2032,SARACURUNA
4288,CATETE 
4290,PRAIA DO SACO 
4291,MURIQUI
2036,PACIENCIA
2037,ENGENHO DA RAINHA
2038,CENTRO
2039,VILAR DOS TELES
2040,MEIER
2041,CAMPO GRANDE
2043,BINGEN
2046,ROCHA
2048,CAMPO GRANDE
2049,JARDIM SULACAPE
2053,ESTRADA DA SAUDADE
2055,VASCO DA GAMA
2056,PINHEIRO
2059,XEREM
2061,BANGU
2063,OLARIA
2064,CENTRO
2066,PIABETA
4313,PENHA CIRCULAR
2070,PARQ URUGUAIANA
4847,BANGU
2071,JARDIM PRIMAVERA
2073,JARDIM DA PAZ
2074,PIABETA
2075,CENTRO
2076,GUIA DE PACOABAIA
2077,FRAGOSO
2078,VILA LEOPOLDINA
2079,BOM RETIRO
2080,BANGU
2081,CAMPO GRANDE
2083,FRAGOSO
2084,Quitandinha
2088,PACIENCIA
2090,TIJUCA
2095,VILA SAO JOAO
4495,JARDIM XAVANTES
2099,JARDIM PRIMAVERA
2100,PACIENCIA
2101,RAMOS
2103,BARREIRA VASCO
4916,IMBUI
1621,LINDO PARQUE
2107,SANTA EUGENIA
2108,PIEDADE
2109,IMBARIE
1679,PARQUE LAFAIETE
1680,BOM RETIRO
1681,ENGENHO PEQUENO
1682,JARDIM ALVORADA
1683,VILA SAO LUIZ
1684,CIDADE DOS MENINOS
1685,JARDIM ALVORADA
1686,MARCO 2 / MORRO AGUD
1688,CENTRO
2087,REALENGO
1693,SARACURUNA
1697,RODILANDIA
1700,PALHADA
1701,VALVERDE
1704,PALHADA
1705,CAXIAS
1706,ELCALIPITO EN.PEDREI
1707,PARADA MODELO
1163,TRINDADE
1164,ROCHA MIRANDA
1165,CORDOVIL
1167,BONSUCESSO
1168,PARQUE BEIRA MAR
1169,PIABETA
1170,MORRO DO CASTRO
1172,GARDENIA AZUL
1173,RECREIO 
1175,RIO COMPRIDO
1177,JOAQUIM DE OLIVEIRA
1178,PATRONATO 
1180,VILA DA PENHA
1182,BELFORD ROXO
1185,GAMBOA
1187,CENTRO
1188,SANTO ELIAS
1190,MARECHAL HERMES
1193,PORTO NOVO
1195,OLARIA
1197,VILA DA PENHA
1412,SAO MIGUEL
1200,CENTRO 
1201,PARQUE ANCHIETA
1202,ENGENHO PEQUENO
1203,CENTRO
1204,JARDIM PRIMAVERA
1205,GRAMACHO
1206,VILA VALQUEIRE
1416,JD CATARINA
1208,JARDIM ANHANGA
1210,CENTRO
1211,VILA EMIL
1212,QUEIMADOS
1220,ALMERINDA
1221,FONSECA
1222,BOACU
1224,BANGU
1227,NEVES
1231,CALIFORNIA(N.IGUACU)
1232,PILAR
1233,JARDIM PRIMAVERA
1234,BELFORD ROXO
1420,ROCINHA
1238,PORTO NOVO
1239,CARMARI 
1240,PENHA CIRCULAR
1241,COCOTA
1242,PQ GUARARAPES
1243,MIGUEL COUTO
1244,COMENDADOR SOARES
1245,SANTA EUGENIA
1246,STª EUGENIA 
1247,VILA NORMA
1248,VILA DA PENHA
1251,QUINTINO BOCAIUVA
1253,ALCANTARA
4706,GUARATIBA
1259,SACRAMENTO
1260,SACRAMENTO
1261,JARDIM PRIMAVERA
1265,PADRE MIGUEL
1266,CENTRO
1271,MARIA PAULA 2 DISTRI
1445,ACARI
1451,SALGUEIRO
1272,PADRE MIGUEL
1273,OLAVO BILAC
1276,MARE
1278,OLAVO BILAC
1279,ANDRADE DE ARAUJO
1280,MOQUETA
1281,VILA VALQUEIRE
1284,CENTRO
1287,VILA ISABEL
1288,VILA KOSMO
4317,CENTRO 
1295,GRAMACHO VILA SARAPU
1298,PILAR - PQ SAO JOAO
1299,IRAJA
1301,BONSUCESSO
1304,JARDIM MIRIAMBI
1305,COELHO
1306,CAJU
4320,SANTA CRUZ DA SERRA 
4322,BARRA DA TIJUCA
2067,BANGU
1308,CENTRO
1309,IRAJA
1313,CACUIA
1316,PARQUE ELDORADO
1318,FONSECA 
1919,PORTO DA PEDRA
1920,ITAUNA
1921,TRINDADE
1922,ANTONINA
1926,LOTE XV
1927,AMAPA
1928,PAVUNA
1933,BRAZ DE PINA
1934,MARE
1936,CHACARAS ARCAMPO
1937,VICENTE DE CARVALHO
1938,SAO JORGE
1942,DA GRACA
1943,PS P ALCANTARA SARAC
4326,Santa Cruz da Serra
4328,CHABAS
4329,BARRA DA TIJUCA
1944,SAO GONCALO
1358,FREGUESIA
1948,DEL CASTILHO
1949,COPACABANA
1950,PRACA SECA
1952,APOLO II
1955,JARDIM FLUMINENSE
1957,PENDOTIBA
1959,SAO JOAO DE MERITI
1960,CURICICA
1961,BUENOS AIRES
1962,COSMOS - CMP GRANDE
1963,SANTO CRISTO
1964,VILA SAO LUIS
1965,PAIOL DE POLVORA
1968,PANTANAL
1970,INHOAIBA
1972,REALENO
1973,REALENGO
1974,COSMOS
1976,CAMPO GRANDE
1388,VISTA ALEGRE 
1979,SALVADO/ CAMPOGRANDE
1982,COSMOS - C GRANDE
1983,PAIOL DE POLVORA
1984,CENTRO
1985,CAMPO GRANDE
1986,CAMPO GRANDE
1988,OLARIA
1989,MANGUINHOS
1992,SAO JOAO DE MERITI
1995,OLINDA
4293,PRAIA DO SACO
2113,SANTO ALEIXO
2115,BELMONTE
2116,JARDIM ESMERALDA
2118,CENTRO
2120,MANGUINHOS
2121,ROCHA
4294,say
2123,JARDIM PRIMAVERA
4296,CENTRO 
4300,VILA MARGARIDA
4301,VILA DE CAVA
2124,N S DA GLORIA
2125,JARDIM QUEIMADOS
2127,CAMPO GRANDE
2129,ROCHA SOBRINHO
4302,IMBARIE
2136,SANTA CRUZ DA SERRA
2138,EL DOURADO
2139,BELMONTE - QUEIMADOS
2141,SANTISSIMO
2142,XEREM V SANTA ALICE
2144,VILA CAMORIM
2147,PILARES
2148,PARQUE DUQUE
2149,SAO CRISTOVAO
2150,VILA SANTO ANTONIO
2152,CARMARI
2153,ROCINHA
2157,ROCINHA
4305,COROA GRANDE
4306,AMENDOEIRA
1541,SEPATIBA
2160,PILAR
2161,PILAR- JD CALIFORNIA
2163,VISTA ALEGRE
2165,VILAR DOS TELES
2166,XAVANTE
2168,JACAREZINHO
4310,COSMOS 
2170,XEREM
2174,PILAR
2175,NOVO HORIZONTE (MANI
2176,AMPLIACAO
2178,VILA BRASIL (MANILHA
2181,GAVEA
2182,MANDELA
2184,JARDIM AMERICA
2185,Colônia Santo Antônio
2186,MONTE CASTELO 
2190,VISTA ALEGRE
2192,Santa Izabel
4311,PARQUE AMBAI
4312,BANGU 
1571,SEPETIBA
2194,Centro (Suruí)
2195,VILA MURY
2198,PALMEIRAS
2199,ACUDE 1
2201,SANTA RITA DE CASSIA
2202,CENTRO 
2203,YPE
2205,JARDIM PARAISO
2206,Colônia Santo Antônio
2208,CAJUEIRO
2212,VILA MARIA
2216,VISTA ALEGRE
2217,VILA MURY
2219,TRINDADE
2220,SANTA CRUZ
2222,SANTO AGOSTINHO
2225,ACARI
2226,SANTO ALEIXO
2228,PARQUE ANALANDIA
2229,CIDADE NOVA
1574,VIGARIO GERAL
1586,CAMPO GRANDE
2231,PITA
2233,JARDIM ATLANTICO OES
2235,JARDIM BARRO BRANCO
2236,JARDIM ANHANGA
2237,CENTRO
2238,PORTO DO ROSA
2239,MUTONDO
2241,TRINDADE
2243,AMPLIACAO
2246,ANCHIETA
4571,TAQUARA
2248,CENTRO
2250,ILHA DO DENDE
2253,JARDIM MERITI
2255,APOLO 2
2256,PITA
2260,CENTRO
1996,CAMPO GRANDE
1997,SANTA CRUZ
1998,JARDIM AMERICA - ITA
4573,CORUMBA
2792,CENTRO
2793,SAO LUIZ
2795,PORTO NOVO
2796,NILOPOLIS
2797,PENHA
2798,MUZEMA
2800,VILA SANTO ANTONIO
2801,CIDADE ALEGRIA
2803,JACARE
2807,BACAXA
2808,CANECA FINA
2809,CENTRO
2812,SANTA CRUZ DA SERRA
2813,NILOPOLIS
2814,ENGENHO NOVO
2815,CENTRO
2816,CENTRO
2817,CENTRO
2818,CENTRO
2819,CENTRO
2821,CENTRO
2824,CENTRO
2825,CENTRO
2827, PARADA MODELO
2829,PIRATININGA
2831,CENTRO
2833,KENNEDY
2835,CENTRO
2836,KAONZE
2838,MOQUETA
2840,PAIOL
2841,JARDIM METROPOLE
2571,NITEROI
2574,OURO PRETO
2575,BANGU
2576,ITAIPUACU
2577,ITAIPUACU
2578,METROPOLITANO
2579,CACUIA
2582,BOTAFOGO
2583,VARZEA DAS MOCAS
2588,ITAIPU 
2590,ENGENHOCA
2592, CAMPO GRANDE
2594,KM 32
2597,MARICA
2598,PORTO DO ROSA
2599,EDEN
2600,JACAREZINHO
2603,ROCINHA
2604,GAVEA
2606,BARRO VERMELHO
2607,JD. CARIOCA
2610,CUBANGO
2612,PARQUE SAO JOSE
2613,COLEGIO
2614,MANGUEIRA
2617,MARACANA
2619,JACARE
2621,JACARE
2623,JACAREZINHO
2624,JACAREZINHO
2625,JACAREZINHO
2627,SAO FRANCISCO XAVIER
2629,ROCINHA
2631,ROCINHA
2633,CHAC RIO PETROPOLIS
2634,VILA ISABEL
2637,ROCINHA
2639,FONSECA
2640,VILA ISABEL
2641,Vilar dos Teles
2642,PARAISO
2644,PONTAL
2645,VILAR DOS TELES
2646,JD LEAL DQ CAXIAS
2648,BOASSU
2650,VILA SAO JOAO
2652,COMENDADOR SOARES
2653,VENDA VELHA
2654,RIACHUELO
2655,TIJUCA
2656,VILA CENTENARIO
2657,SANTA CATARINA
2663,PARQUE CALIFAS
1709,JARDIM BOTANICO
1710,ROSA DOS VENTOS
1711,VALVERDE 2
1713, BELTERRA
1714,NOVA CAMPINA
1715,JARDIN LARANGEIRAS
1716,VILA MARIA HELENA
1717,CENTRO
1718,JD NOVA ERA
1720,SHANGRILA
1721,AUSTIN
1722,CHACRINHA
1723,PALHADA
1724,PILAR
1726,SANTA CRUZ
1730,CAMPO GRANDE
1733,PARQUE FLUMINECE
2586,TRINDADE
1735,SARACURUNA
1737,JD PALMARES
1738,TRES MARIAS
1741,GUARATIBA
1742,INHOAIBA
1744,JD TROPICAL
1745,COMENDADOR SOARES
1747,MANGUEIRA
1748,PARQUE SANTO ANTONIO
1749,CANGULO
1750, CAMPO GRANDE
1752,JD ALVORADA
1755,PEDRA DE GUARATIBA
1757,SAO MATEUS
1758,DALUZ
1759,JD PITONESCO
1761,SANTA CRUZ DA SERRA
1763,PRAIA
1764,FRAGOSO
1765,CAMPO GRANDE
1766,PALHADA
1767,OLINDA 
1768,DA LUZ
1771,COSMOS
1778,NOVA SEPETIBA
1779,ROSAS DO VENTO
1782,BONSUCESO
1783,BONSUCESO
1784,SANTA CRUZ
1785,RODILANDIA
1787,CENTRO
1788,CENTRO
1790,CAMPO GRANDE
1791,SANTA CRUZ
1792,BANGU
1795,BOM RODRIGO
1797,ENGENHO PEQUENO
1798,ROCHA SOBRINHO
1799,JARDIM COELHO
1800,ZE GAROTO
1801,ROSA DOS VENTOS
1805,COMENDADRO SORES
1807,MUTUA
1808,PORTO VELHO
1809,AUSTIN
1813,JARDIM PERNANBUCO
1772,PAULINE
1816,TIJUCA
1817,VILA ISABEL
1819,RODILANDIA
1821,PQ.AMORIM
1823,CABUCU
1826,ITAIPU
1828,ANCHIETA
1830,ALMIRINDA
1831,BANDEIRANTES
1832,ESTACIO
1833,MIRIAMBI
1834,TIJUCA
1836,CAMPO LINDO
1838,BONSUCESSO
1840,GRADIM
1841,TIJUCA
1842,TIJUCA
1844,RIO DOURO
1847,TAQUARA 
1848,TAQUARA 
1849,CAMPO GRANDE
1852,CABUCU
1853,AUSTIN
1855,JOCKEY CLUBE
1856,JOCKEY CLUBE
1858,LARANJAL
1859,SAO MIGUEL
1861,CABUCU
1865,CIDADE NOVA
1867,BOA ESPERANCA
1868,CABUCU
1869,DEL CASTILHO
1871,CAMPO GRANDE
1872,CAMPO GRANDE
1873,MUTUA
1875,JARDIM GUANDU
1878,PIABETA
1879,CACHAMBI
1881,
1883,CENTRO
1884,CAMPO GRANDE
1885,RODILANDIA-AUSTIN
1887,JACAREPAGUA
1888,JACUTINGA
1889,SANTO ELIAS
1892,PARAISO SAO MICHEL
1894,COMENDADOR SAORES
1895,CENTRO
1898,NOVA IGUACU
1899,PARQUE ANCHIETA
1901,CENTRO
1902,GUARARAPES
1904,CABUCU
1905,VILA NOVA
1906,ANIL
1907,PORTO NOVO
1908,GUARATIBA
1909,SETE PONTES
1915,CABUCU
1918,ALCANTARA
2494,TIJUCA
2495,CAMPO GRANDE
2497,vila dos teles
2499,ITAIANGA 
2622,JACAREZINHO
2501,CAMPO LINDO SEROPEDI
2502,JARDIM GUANDU
2503,NOVA IGUACU
2505,NITEROI
2506,MEIER
2508,MEIER
2511,JARDIM CATARINA
2512,MESQUITA
2514,SAO CRISTOVAO
2515,GALO BRANCO
2517,SEROPEDICA
2518,ZE GAROTO
2519,CABUCU
2524,LAGOINHA
2525,MEIER
2526,SAO CRISTOVAO
2529,VILA ISABEL
2530,VILA IARA
2532,ITAIPU
2533,SANTA CRUZ
1725,PARQUE MARTINHO
2534,DUQUE DE CAXIAS
2535,JUSCELINO
2536,SANTA EUGENIA
2537,DANOM
2538,RAMOS
2539,ITAIPUACU
2540,ITAIPU
2541,SANTA CRUZ
2542,CENTRO
2543,COPACABANA
2545,SANTA CRUZ
2546,GUARAPUAVA
2549,RAMOS
2554,PARQUE BOA AVENTURA
2557,MARAMBAIA
2559,JOQUEY CLUB
2562,XEREM
2564,GUARATIBA
2565,MARIA RITA
2566,ROCHA SOBRINHO
2570,MUTONDO
1732,CAMPO LINDO
2692,FRAGOSO
2693,MARIA DA GRACA
2695,REALENGO
2696,JACAREZINHO
2697,PITA
2699,COLEGIO
2700,VALE PARAISO
2701,NOVA BRASILIA
2702,PARADA MODELO
2703,PARADA MODELO
2706,TRINDADE
2708,CENTRO
2709,CENTRO
2713,CAIXA DAGUA
2715,IRAJA
2716,GRADIM
2717,CENTRO
2719,BANGU
2720,IPIIBA
2722,JD CATARINA
2724,VILA ISABEL
1804,BARRO VERMELHO
2725,CANTEIRO 
2727,PIABETA
2728,TIJUCA
2730,OFICINAS VELHAS
2731,INHAUMA
2732,CENTRO
2733,BARROS FILHO
2734,VILA MARIA 
2735,CHACARAS RIO PETROPO
2736,CENTRO
2738, JARDIM MEUDON
2739,VALE DO PARAISO 
2742,CENTRO
2743,VILA DOS PINHEIROS
2746,DO IRIRI 
2749,CORREAS
2752,ANO BOM
2753,SURUI
2823,CENTRO
2756,QUAXINDIBA
4691,IPANEMA
2760,RAMOS
2761,VILA DA PENHA
2762,AREA INDUSTRIAL III
2764,SANTO ALEIXO
2765,MOSELA
2767,ALTO DA SERRA
2768,ALTO DA SERRA
2769,SURUI
2770,Surui 
2771,GONZAGA
2772,CORDOVIL
2773,JOAO CAETANO (ITAMB)
2774,VISTA ALEGRE
2775,PITA
2776,FONSECA
2777,IRAJA
2779,SAO JOAO DO IMBASSAI
2782,ROMA
2784,CENTRO
2789,SANTA CRUZ DA SERRA
2790,CASTELANEA
3327,ROCINHA
3328,VILA SANTA CECILIA
3329,CURICICA
3331,BARRA DO IMBUI
3332,TURIACU
3333,ACARI
3334,RAMOS
3336,NOVO CAVALEIRO
3337,OLARIA
3338,VILA SAO JOAO
3340,VISTA  ALEGRE
3343,EDSON PASSOS
3347,RAMOS
3348,CORREGO D ANTAS 
3350,CENTRO CABUCU
3351,MADUREIRA
3353,CENTRO
3356, ANDARAI
3357,ITACURUCA
3359,CIDADE NOVA
4912,CENTRO
3360,ROCHA
3361,PIABETA
3362,ITANHANGA
3363,BAIRRO QUILOMBO
3364,RURAL
3366,CENTRO
3368,CENTRO
3369,CENTRO
3370,CENTRO
3372,SANTA ROSA
3374,TAB DOS MARTINS
3376,VILA LAJE
4913,SAO FRANCISCO
3378,NOVA CAMPINA
3382,CENTRO 
3383,CENTRO 
3385,CENTRO 
3388,JACARE
3389,NOVA CAMPINAS
3390,VILA PAI ETERNO
4914,CENTRO
3393,ANDARAI
3394,COELHO NETO
3395,REALENGO
3396,BARBUDA 
3397,SANTA CRUZ
3399,CORDEIRINHO(PONTA NE
3400, VENDAS DAS PEDRAS
3401,BADURECO
3402,JOAQUIM DE OLIVEIRA 
3403,MARAMBAIA
3405,ATERRADO
3407,VILA SANTA CECILIA
3409,CENTRO  (CABUCU)
3412,JARDIM PARAISO
3413, VILA SAO JOAO
3414,GRANDE RIO (ITAMBI) 
3416, AMPLIACAO
3417,ALDEIA DA PRATA  
3419, 25 DE AGOSTO
3422,MOSELA
3424, ALTO DA SERRA
3159,CENTRO
3160,COLUBANDE - CEASA
3161,SALGUEIRO 
3164,BELO HORIZONTE
3165,AREA INDUSTRIAL
3166,Vila Helena
3167,JARDIM VALENCA
3168,PONTE FUNDA
3169,OSORIO
3171,CHACRINHA
3172,APARECIDA
3173,APARECIDA
3174,ALICACIO
3176,SANTA CECILIA
3177,JACAREPAGUA
3179,PRACA DA BANDEIRA
3181,BARRA DO IMBUI
3184,TIJUCA
3185,BARRETO 
3190,CENTRO
3191,VILATUPI
2664,VILA SAO LUIZ
2665,VILAR DOS TELES
2666,VILA DOS TELES
4543,JACAREPAGUA
2671,MANGUINHOS
2673,VARZEA
2675,PQ ESPERANCA
2677,TRINDADE
2678,SALGUEIRO
2680,VILAR DOS TELES
2681,PQ PAULISTA
2683,PQ. PAULISTA
2684,PQ PAULISTA
2685,RAMOS
2690,PQ ANALANDIA
2262,Apolo II
2263,PORTO VELHO
2265,PARQUE SAO VICENTE
4544,LARANJEIRAS
4546,PILARES
3188,JACARE
2267,GRACAS
2268,JARDIM IRES
2269,LAGOINHA
2270,PORTO DO ROSA
2274,TRINDADE
2275,NOVA CIDADE
2276,CASCADURA
2278,TRINDADE
2279,PACIENCIA - STA CRUZ
2280,PECHINCHA
2282,TRES PONTES
2285,ILHA DO GOVERNADOR
2288,TRINDADE
2289,MUTUAGUACU
2290,JARDIM CARIOCA
2291,BONSUCESSO
2293,BARRETO
2295,MEIER
2296,VILA ROSALI
2297,R. VARZEA
2300,TRIBOBO
2301,MEIER
2303,TAQUARA
2304,DUQUE DE CAXIAS
2305,VILA NORMA 
2307,MESQUITA
2308,CENTRO
2309,VILA EMIL
2312,ANCHIETA
2314,FAZENDA DA BARRA 
2315,CENTRO
2316,ENGENHO DENTRO
2317,VILA EMIL - CENTRO
2318,PACIENCIA
2319,CAMPO GRANDE
2322,PAU GRANDE
2323,CENTRO
2325,GRAMA
2329,PENHA
2331,MESQUITA
2333,VILA ISABEL
2334,PENHA CIRCULAR
2335,CENTRO
2336,CENTRO
2337,CENTRO
2338,JACAREPAGUA
2339,JARDIM AMERICA
4910,CENTRO
2343,VILA SAO JOAO
2344,PORTO NOVO
2346,CIDADE NOVA
2347,AMENDOEIRA
2349,BARRETO
2351,BRASILANDIA
2353,PQE TRES CORACOES
2356,MUTONDO
2358,ROCINHA LABORIU
2361,CENTRO
2364,ITALINA
2365,ACARI
2367,SAO CRISTOVAO
2299,JARDIM AMERICA
2369,ENGENHO NOVO
2370,ENGENHO NOVO
2371,COELHO
2372,PQ. SAO JOSE
2373, NITEROI
2374,-
2375,ROCHA
2376,SANTA ROSA - CPO GRANDE
2377,INHOAIBA
2378,JARDIM 25 DE AGOSTO
2379,25 DE AGOSTO
2381,BONSUCESSO
2382,VISTA ALEGRE
2387,ACUDE
2388,CENTRO
2390,VILA KENEDY / BANGU
2393,TAQUARA
2395,REALENGO
2396,VISTA  ALEGRE
2401,BOA VISTA 
2402,PITEIRAS
2366,SAO LUIZ
2404,Boa Sorte
2405,Jardim Primavera
2407,SANTA CLARA
2408,Colônia Santo Antônio
2410,COLONIA SANTO ANTONI
2411,VILA URSULINO
2412,VILA NOVA
2414,VIA MARIA
2415,Centro
2416,Saudade
2417,VISTA ALEGRE
2418,SANTA CLARA 
2421,VILA NOVA
2422,JD GUANABARA
2426,CENTRO
2428,CENTRO
2431,9 DE ABRIL
2433,NOVE DE ABRIL
2435,VILA SANTA CECILIA
2437,VISTA ALEGRE 
3420,PRACA DA BANDEIRA
2687,MATAPACA
2441,Loteamento Boa Vista
2444,Verbo Divino
2446,COTIARA
2447,SANTA CRUZ DA SERRA 
2451,SAUDADE
2453,ANO BOM
2454,VILA URSULINO
2455,NOVE DE ABRIL
2456,PARAISO 
2457,NOVA ESPERANCA
2459,SANTA CLARA 
2460,MONTE CRISTO
2461,Ano Bom
2463,Ano Bom
2465,Centro
2467,NOVA ESPERANCA
2468,EUCALIPTAL
2473,CENTRO
2474,PONTE ALTA
2477,VILA NOVA
2266,MUTONDO
2391,VARZES
2399,VILA SANTA MARIA
2479,VILA INDEPENDENTE
2480,SIDERLANDIA
2482,CAMPO GRANDE 
2483,SAO GONCALO
2484,SAO GONCALO
2485,JARDIM GRAMACHO
2487,NOVA IGUACU
2488,RECREIO DOS BANDEIRA
2490,NOVA IGUACU
2491,INHAUMA
2493,JARDIM PALMARES
3073,SAO LUIZ
3074,CAMPOS ELISEOS 
3075,LAVAPES
3078,CIDADE ALEGRIA
3079,CENTRO 
3081,PARAISO
3083,SANTA CECILIA 
3085,NOVO HORIZONTE
3087,JARDIM REAL
3089,CIDADE ALEGRIA
2419,VISTA ALEGRE
3090,NOVA ALEGRIA
3093,VILA PARAISO
3094,CIDADE
3096,FREITAS SOARES
3099,Novo Surubi
3100,BOACU
3102,ALTO 
3105,MANILHA
3106,BEIRA
3108,VARZEA
3109,TIJUCA
3112,IMBUI
3114,LAGO AZUL
3115,BARRA DO IMBUI
3116,SANTA BARBARA
3117,CAMPO LIMPO
3118,SALDANHA MARINHO
3119,VALPARAISO
3121,ITAIPUACU
3123,FAZENDA DA BARR
3124,Santo Amaro
3128,Novo Horizonte
3129,VILA ODETE
3131,VILA SAO JOAO
3132,NOVA LIBERDADE
3133,CENTRO
3136,FAZ. BARRA
3138,VILAGE
3139,CIDADE ALEGRIA
3140,MORADO DO CONTO
3142,JD DAS ACACIAS
3147,MEUDON
3148,MEUDON
3150,BARRA IMBUI
3151,BOASSU
3156,NOVA CIDADE 
3157,JD CATARINA
3284,CENTRO
3286,CENTRO
3288,LAJES
3289,PAIOL DE POLVORA 
3291,BARRA DO IMBUI
3293,TAQUARA
3358,TEIXEIRAS
2357,FONSECA
3295,BAIXO GRANDE
3296,CASA DA PEDRA
3297,EDSON PASSOS
3298,PONTA NEGRA
3300,ACARI
3301,BRAZ DE PINA 
3303,CAMPO GRANDE
3305,NOSSA SENHORA DE FAT
3306,MADUREIRA
3308, SAMPAIO CORREA
3309,BACAXA
3312,REALENGO
3313, CORONEL VEIGA
3314,QUITANDINHA
3316,TANQUE
3317,TAQUARA
3319,VILA VALQUEIRE
3321,MOSELA
3325, RIACHUELO
3326,FREGUESIA  (ILHA DO 
3705,FAZENDINHA
3707,CENTRO
3708,CENTRO
3821,ARACATIBA
3824,COLUBANDE 
3825,COLUBANDE 
3827,NOVA IGUACU
3829,INHOAIBA
3830,SANTA CRUZ
3831,SAO BENEDITO
3832,PARQUE FLORA 
3833,VICENTE DE CARVALHO
3835,KENNEDY 
3836,ALTO DA POSSE 
3837,Parque Veneza
3838,Parque Martinho
3842,PQ Tres Coracoes
3844,Vila Rosario
3845,GRAMACHO
3847,COPACABANA
3848,VILA ISABEL
3849,GUARATIBA
3852,Juriti
3855,CARMARI
3857,CACHAMBI
3858,METROPOLE
3861,SAO BENTO 
3862,IRAJA 
3863,COPACABANA 
3864,COPACABANA 
3865,Itaipuacu
3868,Colubande
3869,Galo Branco
3871,CABUCU
3872,CABUCU
3874,JARDIM BOTANICO
3875, CENTRO 
3878,JARDIM DO IPE
3879,CENTRO 
3882,CENTRO
3884,CENTRO
3323,PAQ. ROSARIO
3843,COMENDADOR SOARES
3887,Trindade
3888,WONA
3890,JARDIM VILA NOVA
3891,PONTO CHIC
3893,HELIOPOLIS
3894,GUADALUPE 
3896,VILA DE CAVA
3897,JARDIM AMERICA
3899,Pq Martinho LOTE XV
3902,JD PALMARES
3904,VILA ISABEL
3905,SANTA AMELIA
3906,PQ ESPERANCA
3907,SHANGRI LA
3908,NOVA AMERICA
3909,SANTA MARTA
3911,Centro
3913,PENDOTIBA
3914,Jd Meriti
3916,LAGUNA E DOURADOS 
3919,CENTRO
3922,ROSARIO 
3923,VILA DA PENHA
3924,CABUCU
3926,COELHO NETO
3927,ANCHIETA
3928,MARECHAL HERMES
3930,VILA SAO LUIZ 
3931,SANTA CRUZ
3933,MIGUEL COUTO
3934,Vila Borgerth
3935,ALPHAVILLE
3936,TAQUARA
3937,Laranjal
3938,Campos Eliseos
3939,PQ MARILANDIA 
3941,CANGULO
3942,GAVEA 
3943,CENTRO
3945,PQ DA BIQUINHA 
3946,COPACABANA
3949,JD OLAVO BILAC
3192,TAQUARA
3194,CHS REUNIDAS S TEREZ
3195,CENTRO
3197,CENTRO
3199,PONTA GROSSA
3201,MARICA
3202,SANTO ALEIXO
3203,VALE DAS PEDRINHAS
3205,VILA VELHA (SANTO ALEIXO)
3207,TERESOPOLIS
3208,TERESOPOLIS
3210,SANTA CRUZ
3211,SAO FRANCISCO
3212,RESIDENCIA 
3214,FATIMA
3215,TABOAS
3218,CENTRO
3223,CENTRO
3226,ITAIPU
3230,MANGUINHOS
3233,VILA DOS TELES
3867,CAMPO GRANDE
3234,JARDIM MERITI
3235,SANTO ALEIXO
3237,ANDARAI
3239,ACARI
3240,ACARI
3242,EDEN
3244,SANTO ALEIXO
3245,ENGENHOCA
3246,JD SAO JORGE
3247,QUISSAMA
3248,PIABETA
3249,ANCHIETA 
3250,HILDEBRANDO LOPES
3253,PARQUE UNIAO
3254,COMPLEXO DO ALEMAO
3255,RIO DO OURO
3256,BACAXA
3262,MEIER
3263,APOLO II MANILHA
3269,VILA VALQUEIRE
3876,JURITI 
3270,VARGEM PEQUENA
3272,JACARE
3273,ENGENHO DE DENTRO
3275,CENTRO
3278,CENTRO
3279,MORIN
3280,K11
3282,CENTRO
3283,JARDIM SULACAP
2842,CENTRO
2844,JD ATLANTICO OESTE
2845,SENADOR CAMARA
2847,CENTRO
2848,CENTRO
2852,ITAMARATI
2853,ALTO DA SERRA
2854,QUITANDINHA
2857,QUISSAMA
2860,SURUI
3885,CENTRO
3917, VIDIGAL
2861,FLEXEIRAS
2863,CENTRO
2864,BINGEN
2866,ENGENHO DO MATO
2867,CAFUBA /ITAIPU
2868,CENTRO
2869,CABOCU
2871,MARAPICU
2873,COMENDAD SOARES
2875,ANDARAI
2876,CENTRO
2878, CENTRO
2879,CENTRO
2880,SANTO AGOSTINHO
2882,CENTRO
2883, RANCHO NOVO
3221,CENTRO
2886,JD SANTANA DO PILA
2888,ENGENHO DA RAINHA
3227,COLEGIO
2893,CHALET - CENTRO
2894,QUISSAMA
2896,LARANJAL
2899,VICENTE DE CARVALHO
2901,JARDIM MELVI
2902,NOVA MIRIM
2904,EMBARE
2907,OLARIA
2908,MAGEMIRIM
2910,CENTRO
2911,CENTRO
3252,ANCHIETA
2916,APARECIDA
2917,CENTRO
2918,ENCRUZILHADA
2920,APARECIDA
2921,GONZAGA
2923,CAMPO GRANDE
2924,APARECIDA
2927,CRUZEIRO DO SUL
3260,SAO PEDRO 
2930,CENTRO
2931,CENTRO
2932,CENTRO
2933,CENTRO
2935,BANDEIRANTES
2936,CENTRO
2938,CENTRO
2940,CENTRO
2941,MUTONDO
2944,CENTRO
2945,CENTRO
2947,MARACANA
2948,CACUIA - ILHA DO GOV
2951,CORREAS
2954,CENTRO
2955,GLORIA
2957,CASCADURA
2958,QUINTINO BOCAIUVA
2959,JD CLUBE DE CAMPO
2962,OLINDA
2427,Vista Alegre
2434,São Judas Tadeu
2964,CENTRO
2965,CASCATINHA
2967,CORREAS
2968,SIMERIA
2970,RAMOS
2973,CENTRO
2975,CENTRO
2976,NOVO  HORIZANTE 
2981, NOVE DE ABRIL
2982,CENTRO
2983,JARDIM METROPOLE
2986,FAZENDA PINHEIRO 
2988,J.CANADA
2990,ALCANTARA
2993,CENTRO
2995,SAO GONCALO
2996,AGUA SANTA
2997,SAO GONCALO
2999,VILA OLIMPIA
2438,ANO BOM
2458,GOIABAL
3000,PRACINHA
3002,MOSELA
3003,CASCATINHA
3005,VICENTE DE CARVALHO
3007,ALCANTARAC
3008,CIDADE JARDIM GUAPIM
3009,BARBUDA
3012,IRIRI
3013,OUTEIRO DAS PEDRAS
3014,VILA BRASIL / MANILH
3015,PIABETA (VILA INHOMI
3016,PIABETA
3020,VARGEM ALEGRE
3021,VILA RICA TRES POCOS
3023,RETIRO
3024,ACUDE
3025,ACUDE
3028,ATERRADO
3030,CERAMICA UNIAO 
3032,FABRICA ALVORADA
3035,VILA SANTA CECI
2464,VILA NOVA
3038,SESSENTA
3042,CRUZEIRO
3043,SAO JORGE
5020,RECREIO DOS BANDEIRANTES
3046,VILA SAO JOAO
3047,ROCHA 
3048,SESSENTA
3050,CENTRO 
3051,CRUZEIRO
3054,AERO CLUBE
3055,RETIRO
3057,RETIRO
3058,SANTA CRUZ
3062,PALMEIRAS
3064,SIDEROPOLIS
3066,SANTO AGOSTINHO
3068,VILA BRASILIA 
3069,BELMONTE 
3072,SANTA RITA 
3642,T BASTOS
2471,SANTO AGOSTINHO
3076,ALTO DOS PASSOS
3643,BOQUEIRAO
3644,MIRIM
3646,V MIRIM
3647, GUILHERMINA
3649,VILA CAICARA
3650,CANTO DO FORTE
3652,MELVI
3653,SITIO DO CAMPO
3655,JARDIM GUARAMAR
922,CENTRO
3658,FRAGOSO
3661,MELVI
3662,CENTRO 
3665,JARDIM SAO FRANCISCO
3667,VL. VALENCA
3669,PARQUE BITARU
3672,V NOVA
3080,PARAISO 
4529,CENTRO
3127,ALTOS PASSOS
3675,PARQUE DAS AMERICAS
3676,VILA GUILHERMINA
3677,PARQUE DAS AMERICAS
3678,BALNEARIO ESMERALDA
3679,VILA MIRIM
3681,JARDIM RIO BRANCO
3682,CON. RESI. HUMAITA
3683,PARQUE CONTINENTAL
3685,PARQUE CONTINENTAL
3686, CONJ RES HUMAITA
3688,CENTRO
3690,SAO PEDRO
3694, BOQUEIRAO
3697,LINS DE VASCONCELOS
3698,CAMPO GRANDE
3701,RECREIO
3153,ITAPUCA
3703,JARDIM PRIMAVERA
3287,QUITANDINHA
2060,CAMPO GRANDE 
2062,NOVA IGUACU
2065,PIABETA
2068,CAMPO GRANDE 
2082,CAMPO GRANDE 
187,VILA VALQUEIRE
190,CENTRO
192,VILA STO ANTONIO
210,JD PRIMAVERA
215,COPACABANA
221,CACUIA
224,PQ OLAVO BILAC
227,MANTIQUEIRA/XEREM
242,SANTO ELIAS
245,PQ UNIAO/BONSUCESO
257,BANCARIOS
261,OLAVO BILAC
264,LARANJAL
268,PACHECO
878,HELIOPOLIS
901,COMENDADOR SOARES
288,MARIA DA GRACA
291,MEIER
295,JACARE
2089,OLINDA
2092,PADRE MIGUEL
2094,BANGU
2097,BANGU
2102,PARQ TIETE 
1691,HELIOPOLIS
1694,NOVA CIDADE
1696,CENTRO
1699,Marileia - AUSTIN
4815,JARDIM METROPOLE
1712,COELHO NETO
1727,SANTA CRUZ
1739,JD JASMIM
1743,KM 32
1746,SANTO ELIAS
1753,JD CANAA
2881,CENTRO
2884,DA VIGA
1781,SANTA CRUZ
297,MARACANA
300,ENGENHO DA RAINHA
304,VILA DA PENHA
316,INHAUMA
323,BONSUCESSO
329,CACHAMBI
334,PIEDADE
337,PENHA CIRCULAR
340,ENGENHO NOVO
343,QUINTINO BOCAIUVA
751,RAMOS
763,INHAUMA
765,MANTIQUEIRA
768,CATETE
789,ROCHA
4444,TRIBOBO
799,JD OLAVO BILAC
4497,REALENGO
3659,ATERRADO
1789,SANTA CRUZ
1793,COMENDADOR SOARES
1815,TIJUCA
1818,GRAJAU
1820,FRANCISCO RUSSO
1824,PARQUE UNIAO
1827,QUINTA BOM RICARDO
1829,BARRA DA TIJUCA
1835,BAIRRO DA LUZ
1854,FONSECA
1864,CENTRO
1866,Km 32
1870,DEL CASTILHO
1896,COMENDADOR SOARES
1900,GRAO PARA
1903,NOVA CAMPINA
1912,BENFICA
2507,CAMPO GRANDE
933,ACARI
940,ANCHIETA
158,COMENDADOR SOARES
180,PQ SAO JOSE
3954,CENTRO 
3955,POSSE
3957,CENTRO 
3958,BANGU
3960,BANGU
3961,CENTRO 
3963,REALENGO 
3964, JARDIM SUMARE
3966,CAIOABA 
3967,NOVA AURORA
3968,Parque dos Califas
3969,VALE DO IPE
3710,OLINDA
3711,HUMAITA
3712,GRAJAU
3713,ABOLICAO
3714,JOSE MENINO
3715,P PRAIA
3716,GONZAGA
3718,CHIC PAULA
3722,JACAREPAGUA
3725,BOQUEIRAO
3726,BOQUEIRAO
3729,RIBEIROPOLIS
3730,CAMPO GRANDE
3732,VILA CAICARA
3733,VILA TUPI
3734,VILA MATIAS
3736,JARDIM SONIA REGINA
3739,RECREIO 
3740,VILA KOSMOS
3743, TUPIRY
3744,BALNEARIO
3746,CAMPO GRANDE
3747,CAICARA
3749,BOQUEIRAO
3753,PIEDADE
3754,CENTRO (RIO DO OURO)
4587,JARDIM SANTA MARIA
2891,SAO JORGE
2915,VILA TUPI
3756,CENTRO
3758,PQ INDUSTRIAL III
3761,VILAR DOS TELES
3762,SANTO ALEIXO
3763,Colegio
3766,CENTRO
3767,HONORIO GURGEL
3772,TURIACU
3773,ANIL
3776,BENTO RIBEIRO
3777,RECREIO
4738,CENTRO
3779,VILA SANTA CRUZ
3781,CABUIS
3782,PACIENCIA
3784,ROCHA MIRANDA
3785,RECREIO
3788,BANGU 
3789,PADRE MIGUEL
3790,V. SANTO ANTONO
4746,CENTRO
3791,PRAIA DA BANDEIRA
3792,PARQUE VALDAROSA
3794,CENTRO
3795,TIJUCA
3796,CABUIS
3797,CABUCU 
3799,BENTO RIBEIRO
3801,ICARAI 
3803,GARDENIA AZUL
3806,PARAIZO
3807,CENTRO
3810,BELFORD ROXO
3812,JUCELINO 
3813,COPACABANA
3816,SAO GONCALO
3818,BANGU
3819,MARE
3426,CASTELANEA
3427, CASTELANEA
3428,CORONEL VEIGA
189,JARDIM LEAL
3431,FONSECA
3432, HONORIO GURGEL
3433,IRAJA
3437,QUISSAMA
3440, ROSEIRAL
3442,VALPARAISO
3443,IRAJA
3445,MADUREIRA
3447,RAMOS
3449,ROCHA MIRANDA
3450,ROCHA MIRANDA
3452,VILA DA PENHA
3455,CENTRO
3456,CENTRO
3459,PENHA
3461,ITAMARATI
3462,CORREAS 
3464,GLORIA 
910,SANTA AMELIA
4685,COSMOS
1845,TAQUARA 
3465,GLORIA 
3466,OLARIA
3468,CENTRO
3471,VISTA ALEGRE 
3472,QUITANDINHA
3473,QUITANDINHA
3475,QUITANDINHA
3476, NOVA AURORA
3479,QUITANDINHA
3481,SALDANHA MARINHO
3483,PAINEIRAS
3484,LEBLON
3486,QUITANDINHA
3487,ITAIPAVA
3489,MOSELA 
3490,OLINDA 
3491,TIJUCA
3493,SANTA LUIZA
3494,CACHAMBI
3497,ALCANTARA
3498,ALCANTARA
3501,CORREAS
3502,CENTRO     
3504,CENTRO
3505,CORREAS
3506,CENTRO
3507, PARQUE SAYONARA (V 
3508,SAO SEBASTIAO
3511,CENTRO
3513,PROGRESSO
3514,MOSELA
3515,PARQUE DAS MISSOES
3516,ALCANTARA
3519,K 11
3520,ALCANTARA
3521,MANTIQUEIRA
3522,QUITANDINHA 
3524,SANTISSIMO
3525,CAMPO GRANDE
3526, PRAIA DA ESPERANCA
3529, CENTRO
3531,RETIRO SAO JOAQUIM 
3532,MARACANA
3533,COPACABANA
3534,CITROLANDIA 
3535,BARRA DO IMBUI
3537,VILA CARVALHO (VILA 
3539,PECHINCHA JPA
3540,ITANHANGA
3542,RAMOS 
3543,PINHAO
3544,ENGENHEIRO LEAL
3545,CHACARA ARCAMPO
3546,BENFICA
3549,JACAREPAGUA
3551,RAMOS
3552,QUITANDINHA
3553,SANTA CATARINA
3556,VILA MATHIAS
3557,V MATHIAS
3560,VILA TUPI
3561,CONEGO
3563,CANTO DO FORTE
3564,CAMPO GRANDE
3566,VILA NOVA
3570,ESMERALDA
3571,MARACANA MIRIM 
3572,V MATHIAS
3574,TAQUARA - MERK
3575,CANTO DO FORTE
3576,BOQUEIRAO
3577,BOQUEIRAO
3580,MACUCO
3581,GONZAGA
3583,GONZAGA
3586,BAL.ARARA VERMELHA
3587,GUILHERMINA
3589,ENCRUZILHADA
3592,ENCRUZILHADA 
3593,VILA BELMIRO
3596,VILA TUPY
1914,PRACA SECA
2498,REALENGO
3597,INHAUMA 
3598,JACAREPAGUA
3600,VILA ANTARTICA
3602,V ASSUNCAO
3605,JOSE MENINO
3606,VILA PAULISTA
3607,EMBARE
3608, CENTRO
3609,PARAISO
3610,APARECIDA
3612,CENTRO
3613,GUILHERMINA
3615,BONSUCESSO
3617,LINS DE VASCONCELOS
3618,LINS DE VASCONCELOS
3623,CURICICA
3625,AGRIOES
3627,MEUDON
3628,MEUDOM
2919,VILA TUPI
2922,JD. SANTA MARIA 
3630,ITAUNA
3631,SAO CRISTOVAO
3633,BOQUEIRAO
3634,VILA MIRIM
3635,SANTA CRUZ
3636,PACIENCIA
3638,CENTRO
3639,CASTELO
2209,MINERLANDIA
2211,CASA DE PEDRA
2214,GOIABAL
2218,RAMOS
2224,VASCO
2258,CENTRO
2013,LAGOINHA
2021,CAMPO GRANDE
2028,TIJUCA
2050,VILA VALQUEIRE
2057,JACARE
3664,TORRES HOMEM
3673,VILA NOVA
2386,EUCALIPTAL
2389,CAMPO GRANDE
2392,RAMOS
2394,RETA VELHA
2398,SANTA LUCIA
2400,LOTEAMENTO AIRU
2406,COTIARA
2409,COLONIA SANTO ANTONI
2423,BOA VISTA III
2425,VISTA ALEGRE
2429,VOLDAC
2440,SANTA CLARA
2442,SAO LUIZ
1543,CENTRO
1547,CAMPO GRANDE
1584,CAMPO GRANDE
1587,REALENGO
1593,ICONHA
1595,CENTRO  NOVA IGUACU
196,LUZ
240,VILAR NOVO
250,CAMARAO
943,JARDIM PRIMAVERA
947,ANCHIETA
952,BENTO RIBEIRO
955,GUADALUPE
971,FREGUESIA
974,CENTRO
984,CENTRO - PIABETA
987,NOVA CAMPINAS
991,ST ANTONIO DA PRATA
995,VISTA ALEGRE
1006,CENTENARIO
1029,PENHA
1033,MARE 
1050,PAU GRANDE
1057,CAMPO GRANDE
2513,TANQUE - JACAREPAGUA
2516,BANGU
2520,SEPETIBA
2528,RODILANDIA-AUSTIN
2522,PENHA CIRCULAR
2527,VILA ISABEL
2531,AGUA SANTA
2544,ENGENHO NOVO
2547,VILA DO JOAO
2551,CABUCU
2553,CENTRO
2556,MEIER
2561,ITAUNA
2568,SANTA CRUZ
2704,PRACA DO CRUZEIRO
2710,CENTRO
2714,VILA ISABEL
2718,NILOPOLIS
2721,APOLO II
2741,ALCANTARA
2744,SAYONARA V. INHOMIRI
2747,OLARIA
1070,LOTE XV
821,VILA VALQUEIRE
825,BARRA DA TIJUCA
834,MUTUA
2928,NUCLEO RES ISABELA
838,BONSUCESSO
841,ROCHA
862,BARRA DA TIJUCA
868,JARDIM TROPICAL
4866,SANTA ROSA
876,CENTRO
880,PECHINCHA
882,JARDIM MERITI
896,CENTRO
902,ITAUNA
909,PRATA
2751,VILA SAO JOAO
3421,VILA CORTES
3178,PORTO DO ROSA
3180,NOVO SURUBI
3183,MARACANA
3187,Vila Leopoldina
3189,AGUA SANTA 
3198,FRAGOSO
4868,Bonsucesso
3684,CONJUNTO RESIDENCIAL HUMAITA
3216,SANTANA
3220,CENTRO
3222,ACARI
3225,OLINDA
3231,INHAUMA
3238,BELA VISTA
3241,EDEN
3243,ITAIPUACU
3261,PILARES
3265,J STA MARIA
3268,ESTRADA DA SAUDADE
3271,EDSON PASSOS
3972,AUSTIN 
3975,JD  SANTA MONICA
3976,CORDOVIL
3977,VILA SAO JOAO
3979,-
3980,INHAUMA
3981,VILA LAGE
3986,CENTRO
262,TIJUCA
3987,POCO BENTO  PIEDADE
3990,PENHA CIRCULAR
3991,CAMPO GRANDE
3993,JACAREPAGUA
3994,SAO JOSE
3995,JARDIM BALNEARIO
3997,PONTA NEGRA
3998,ITAUNA
4000,VILA SANTO ANTONIO
4002,LARANJAL
4005,GAVEA
4006,JD. INDEPENDENCIA
4007, PENHA CIRCULAR
4008,PENHA CIRCULAR 
4010,JACAREPAGUA
4012,EDSOM PASSOS
4013,SAO PAULO
2552,NOVA IGUACU
4015,VILA COLUMBIA
4016,VILA SAO JOSE
4017,NOVA CIDADE
4021,IPIIBA - RIO DO OURO
4023,CENTRO
4025,QUITANDINHA
4026,SAO FRANCISCO
4029,POTUGUESA
4031,PENHA 
4032,ITAPEBA
4033,PRAIA DAS LAGOAS
4034,BOQUEIRAO
4035,CAMBOINHAS 
4036,DA LUZ
4037,CENTRO
4039,FREGUESIA- JACAREPAG
4040,ICARAI
4042,JD SANTA RITA 
4043, CATUMBI
4044,PINHAL
4045,BOTAFOGO
4046,BARRA DA TIJUCA
4048,TAQUARA
4846,BANGU
4050,XEREM 
4051,VARZEA
4052,MORADA DO VALE
4053,CENTRO
4054,PARQUE QUARENTA
4892,JARDIM ATLANTICO OESTE (ITAIPUACU)
4061,TAQUARA
4062,CENTRO
4063,CENTRO
4065,BONSUCESSO
4067,CENTRO
4068,CENTRO
4070,URCA
4073,MESQUITA
4074,EDSON PASSOS
4075,GARDENIA AZUL
4079, CENTRO
4080,CENTRO
284,BENFICA
4082,MARAVISTA
4083,PORTO DA ROCA
4084,JACONE
4085,INOA
4086,CENTRO
4087,EDSON PASSOS
362,LEBLON
4089,SAO JUDAS TADEU
4091,CENTRO
4093,GUARATIBA
4094,INHOAIBA
4096,CAMPO GRANDE
4099,GALEAO
4100,BARRA DA TIJUCA
4107,PARQUE UNIAO
4108,IPANEMA
4110,VILA ISABEL
4111,LOTE XV
4113,TAQUARA
4114, ITANHANGA
4115,CENTRO
4116,NILOPOLIS
4117,TANQUE
4118,GAVEA
4119,LARANJEIRAS
4120, MADUREIRA
4121,BACAXA 
4122,BACAXA
4123,JACARE 
4125,GAVEA
4126,MARINGA
4129,PARQUE XEREM 
4130,CAMPOS ELYSEOS
4132,Parque Beira Mar
4133,AUSTIN
4136,CENTRO 
4141,PARQUE PLANALTO 
4142,BOM RETIRO
4144,JARDIM CORUMBA 
4145,CITROLANDIA 
4150,Nova Cidade
4152,MANGUINHOS
4153,VILA ISABEL
4154,CRUZEIRO DO SUL 
4155,CHACRINHA
4156,Vilar dos Teles
4157,ALCANTARA
4159,JARDIM SAO JOAO
4161,CENTRO
4162,CAMPO GRANDE
4164,ROQUETE PINTO
4523,SANTA CECILIA
4169,RIO SECO
4170,Campo Grande
4171,RAMOS
4173,CAMPO GRANDE
4174,CAMPO GRANDE
4180,REALENGO
4527,Ouro Verde
4528,Centro
4182,SENADOR CAMARA
4183,SENADOR CAMARA
4184,CAVALCANTE
4185,IRAJA 
4186,VILA SANTA CRUZ 
915,TURIACU
519,CANGULO
521,MANTIQUIRA
524,RIO DAS PEDRAS
528,JARDIM AMERICA
535,PARADA ANGELICA 
539,FREGUESIA
544,JACAREPAGUA
555,CURICICA
561,ZUMBI
564,B DOS CAVALHEIROS
572,JD AMERICA
580,VILA PAULINE
594,GARDENIA AZUL
785,XEREM
1786,CAROLINA
606,CHAC RIO PETROPOLIS
609,COPACABANA
2758,GAVEA
2763,PARQUE JOSE BONIFACI
2766,CENTRO
2783,VILA EMIL
2785,ACARI
2791,QUITANDINHA
2799,IRAJA
2822,CENTRO
2830,ROCHA
2834,VILA OPERARIA
2589,PAU GRANDE
2593,CAMPO GRANDE
2595,NEVES
2605,ILHA - DENDE JD CARI
2608,COLEGIO
2628,BINGEN
2635,ENGENHO NOVO
368,JOCKEY CLUB
404,SAO FRANCISCO
612,LEME
616,BOTAFOGO
618,PECHINCHA
630,JACAREPAGUA
632,HELIOPOLIS
643,ITATIAIA
648,HONORIO GURGEL
655,JARDIM CARIOCA
669,DR LAUREANO
675,ROCHA
683,REALENGO
686,BANGU
690,REALENGO
692,JARDIM SULACAP
695,REALENGO( FUMACE)
708,ANCHIETA
711,BOTAFOGO
718,S. DOMINGOS
2638,ROCINHA
2643,ENGENHO DA RAINHA
2560,FREGUESIA
2651,COPACABANA
2672,SAO GONCALO
2676,PARQUE ALVORADA
2686,JACARE
2688,PARQUE ESPERANCA
2273,JARDIM PRIMAVERA
2277,TOMAS COELHO
2287,ENGENHEIRO PEDREIRA 
2292,CASTELANIA
2310,LARANJAL
2313,OSWALDO CRUZ
2328,CENTRO
2332,BANGU
2345,MARE
2348,IRAJA
727,CUBANGO
729,JURUJUBA
4726,MIGUEL COUTO
4735,FONSECA
4736,XEREM
2952,NOGUEIRA
732,IRAJA
1333,PENHA CIRCULAR
1336,PARQUE XEREM
1339,RIO COMPRIDO
1342,REALENGO
1344,ENGENHO DO PORTO
1352,GAMBOA
1357,BOM RETIRO
1371,XEREM
1374,SACRAMENTO
1387,JOCKEI
1395,MORABI
1398,FONSECA
1537,PARQUE FELICIDADE
2355,SAO LUCAS
2363,GAMBOA
2368,ENG. NOVO
2383,ACARI
3691,ANDARAI
3700,QUARTEIRAO BRASILEIR
218,BOA VISTA
2980,VILA CENTENARIO 
2987,OLINDA
2989,ALCANTARA
2992,CENTRO
3011,SAO CRISTOVAO
3019,CENTRO
3022,CERAMICA UNIAO
3026,SANTO AGOSTINHO
3029,SAO JORGE
3044,SANTO AGOSTINHO
3052,AGUA LIMPA
3056,RETIRO
3065,CERAMICA UNIAO
3070,DOM BOSCO
3654,GUILHERMINA
3657,PARQUE CAPIVARI 
3660,TUPI
3663, JARDIM DAS INDUSTRI
453,ANDRADE DE ARAUJO
965,BOTAFOGO
1615,JARDIM NV GUARATIBA
1620,CAMPO GRANDE
1622,TODOS OS SANTOS
1626,CASCATINHA
1631,SACRAMENTO
1634,NEVES
1639,JARDIM GUANDU
1659,PILAR
2711,SEROPEDICA
1664,PACIENCIA
1674,TIJUCA
1678,DEODORO
2448,ANO BOM
2472,CENTRO 
2478,VILA MARIA 
2486,IRAJA
2489,VILA ROSALI
3084,VILA JULIETA
3098,TOYOTA 1
3101,ALTO 
2723,MESQUITA
3104,MUTUA
3107,SAO PEDRO
3113,SANTO AGOSTINHO
3130,FAZENDA BARRA 3
3134,Mirante de Serra
3141,FATIM
3143,JD ESPERANCA
3146,ROSEIRAL
3152,COELHO
3154,MORADA DO CONTORNO
1415,JD CATARINA
1421,ITANHANGA
1424,BONSUCESSO
1430,ITAIPU
1435,CENTRO 
1437,IRAJA
1458,ENGENHOCA
2956,FRAGOSO
1470,CORDOVIL
1472,SAO MIGUEL
2961,PILARES
2985,CASCADURA
1475,JARDIM AMERICA
1479,INHOMIRIM
1481,CAMPO GRANDE
1495,IRAJA
1500,VIGARIO GERAL
1504,COELHO NETO
1508,MARE
1511,BONSUCESSO
3294,VILA ITAMARATI
3302,PORTO DA ROCA
3307,TAQUARA
3311,COPACABANA
3318,BONSUCESSO 
3330,GARDENIA AZUL
3339,JARDIM
3346,MANGUINHOS
3349,JACUECANGA
3355,JOSE LIMA
3373,PAIOL DE POLVORA
1702,CABUCU
1731,PARQUE JACIMAR
3375,ENGENHO NOVO
3384,CENTRO
3387,CENTRO
3406,SANTA CECILIA
3410,AMPLIACAO
3415,CALUGE 
1513,ROCHA MIRANDA
1517,COSMOS
1522,SENADOR CAMARA
1088,BRAZ DE PINA
1093,CAMPO GRANDE
1107,JARDIM CATARINA
1109,PACHECO
1129,JARDIM CATARINA
1133,VISTA  ALEGRE
1151,VICENTE DE CARVALHO
1153,COLELHO 
1183,ITAUNA
1186,CENTRO
993,PARQUE LAFAIETE
1001,PARQUE SAIONARA
1194,BONSUCESSO
1196,GUADALUPE
354,MEIER
357,PENHA CIRCULAR
363,CASCATINHA
366,COPACABANA
369,FONSECA
372,LARGO DO BARRADAS
378,LAGOA
382,SAO LOURENCO
397,ICARAI
400,ICARAI
406,PITA
408,INGA
411,ICARAI
416,ITAIPU
421,ICARAI
437,TIJUCA
446,SAO LOURENCO
454,AUSTIN
460,BENFICA
2737,BENTO RIBEIRO
463,ENGENHEIRO LEAL
1223,OLARIA
1228,NEVES
1236,PORTO NOVO
1250,ITAIPU
1252,CARMARY
1254,BOA VISTA
1258,EDSOM PASSOS
1269,BANGU
1274,PATANAL
1289,ABOLICAO
1291,MOQUETA
1293,PARQUE URUGUAIANA
1300,ROCINHA
1303,FRAGOSO INHOMIRIM
1307,OLAVO BILAC
1317,PARQUE ANCHIETA
1940,GUARATIBA
2994,CENTRO
2998,INHOAIBA
3027,SESSENTA
480,CENTRO
482,CENTRO
485,COPACABANA
487,BOA VIAGEM
491,TAQUARA
494,TAQUARA
498,CENTRO
501,COMENDADOR SOARES
15,CENTRO
18,BARRO VERMELHO
22,TIJUCA
26,GAVEA / ROCINHA
29,MIGUEL COUTO
32,TINGUA
59,BANGU
62,MIRIAMBI
65,PORTUGUESA ILHA
1945,PQ DUQ DE CAXIAS
1951,MIRIAMBI
1954,SAO FRANCISCO
1876,COMENDADOR SOARES
1981,XEREM
1990,PARQUE MARTINHO
1993,GRAJAU
2126,PADRE MIGUEL
2128,JARDIM TROPICAL
2132,PARQ XEREM
2134,NOVA AMERICA
2137,VILA EMA EMBARIE
2162,PRACA DA BANDEIRA
2167,PILAR
2179,PARQUE ALIAN 
2196,CALIFORNIA DA B
2204,RETIRO 
2207,VILA BRIGIDA
71,CENTRO 
78,JARDIM GUANABARA
98,PENHA
101,RIO VARZEA
1023,OLARIA
1028,PARQUE ANCHIETA
836,VICENTE DE CARVALHO
105,PORTO VELHO
109,ROCHA MIRANDA
115,PIEDADE
128,NEVES
130,VILA ISABEL
135,CENTRO
138,GRAJAU
143,CENTRO
148,PIEDADE
152,TIJUCA
154,BONSUCESSO
166,GAVEA
169,GRADIM
175,LEBLON
181,SANTA MARIA
184,PQ SAO VICENTE
3500,CASTELO SAO MANOEL
4056,PARQUE ESPERANCA
4176,COLEGIO 
14,TRINDADE
2750,RICARDO DE ALBUQUERQ
737,RAMOS
966,CENTRO
1005,COVANCA
1035,NEVES
850,MUNJOLOS
551,ANIL
1350,SENADOR CAMARA
1467,COLEGIO
1264,VILAR DOS TELES
2027,VILA DA PENHA
1843,SANTO CRISTO
2832,COMENDADOR SOARES
2611,ROCINHA
3111,IMBUI
3228,GRAJAU-TIJUCA
2898,OLARIA
2991,ALCANTARA
3695,SITIO DO CAMPO
3820,BONSUCESSO 
3037,TRES POCOS
3770,HONORIO GURGEL
3815,QUEIMADOS 
3503,SAO SEBASTIAO
3548,CENTRO
4138,CENTRO 
327,VILA DA PENHA
1027,ITAIPU
885,FREGUESIA
1546,IRAJA
1582,CAMPO GRANDE
1969,CAMPO GRANDE 
2187,SESSENTA 
2045,SAO CRISTOVAO
2569,BEL FORD ROXO
2352,GAMBOA
3018,RIO DAS PEDRAS
3036,VOLTA GRANDE II
3728,RAMOS
231,PENHA
253,TAUA - I. GOVERNADOR
1405,JD BARRO BRANCO
2172,MANILHA
390,ANTONINA
439,CENTRO
11,PARQUE QUARENTA
68,GRAMACHO
170,MARE
223,JARDIM GUANABARA
277,BENTO RIBEIRO
325,POSSE
796,TAQUARA
1018,NOVA HOLANDA
828,RETIRO SAO JOAQUIM
891,CENTRO
688,REALENGO
1385,MUNJOLOS
1608,PACIENCIA
1636,MUTUA
1676,CAMPO GRANDE
4576,OFICINAS
4580,CENTRO
1209,SHANGRILA
1958,XEREM CAXIAS
2145,AUSTIN
1857,SANTA CATARINA
2828,BOM RETIRO
2585,OLARIA
2271,MUTONDO
3259,MANTIQUEIRA
3973,NOVA IGUACU
1112,JARDIM CATARINA
1139,NOVA CAMPINAS
1174,TANQUE
1219,COLUBAMDE
1991,PEDRA DE GUARATIBA
2146,PARADA MODELO 
2012,PENDOTIBA
2072,AGOSTINHO PORTO
1751,GRAMACHO
1770,INHOAIBA
1794,DA LUZ
1825,BONSUCESSO
1860,CABUCU
1897,SEROPEDICA
2563,NOVA IGUACU
2707,NOVA CIDADE
2759,BENTO RIBEIRO
2781,CENTRO
2601,GUARATIBA
2620,COLUMBANDE
2679,JARDIM MERITI
2294,CENTRO
2476,MONTE CRISTO
3091,CAMPO ALEGRE
3137,CIDADE ALEGRIA
3196,PQ MARAVILHA
3213,RESIDENCIA
2858,QUITANDINHA
3059,Vila Rica
3823,BARRA 
3870,CABUCU
3274,VILA OLIMPIA
3281,CENTRO 
2859,PAU GRANDE
2862,SALDANHA MARINHO
2865,CENTRO
2874,PRACA DA BANDEIRA
2877,CENTRO
2887,JD PRIMAVERA
2890,COELHO DA ROCHA
2895,CAXAMBU
2897,ICARAI
2900,GONZAGA
2903,VILA NOVA
2906,vila esperanCa 
2912,CENTRO
2929,VILA MIRIM 
2934,AGUA LIMPA
2939,CENTRO
2942,VILA MARGARIDA
2946,VILA ENGENHO MATO
2966,CARANGOLA
2969,CENTRO
2974,ITAIPU
1776,JD CANAA
760,BANCARIOS
4673,TAQUARA
4676,AUSTIN
4692,BARRA DA TIJUCA
4693,CENTRO
4696,RECREIO DOS BANDEIRANTES
4697,JD.CARIOCA/ILHA
4786,PARAISO
4789,ITAIPU
4790,CENTRO
4791,OUTEIRO DAS PEDRAS
4794,CENTRO
4796,PIEDADE
4797,MADUREIRA
4800,MARE
4801,JARDIM GRAMACHO
4802,SARAPUI
4806,OLARIA
4814,BANGU
4816,PARQUE MODERNO
4817,CHACARAS RIO-PETROPOLIS
3671,VILA PAULISTA
3674,SAMAMBAIA
3689,MATARUNA
3692,CANTO DO FORTE
3699,BOQUEIRAO
3706,BARRA DO IMBUY
3709,CENTRO
3834,KENNEDY
3840,JD Vila Nova
3846,SANTA CRUZ
3851, AUSTIN
3873,Vila Leopoldina
3877,PILAR 
3880,COMENDADOR SOARES
3883,Vila Santo Antonio
3889,PARQUE SUECIA
3892,PANTANAL
3895,Ponto Chic
3915,CACUIA  - AUSTIN
2780, CENTRO
2843,MESQUITA
3921,SANTA CATARINA
3925,SAO MATEUS/TEIXEIRAS
3932,Jardim Palmares
3950,ITAIPU
3953,PONTO CHIC 
3956,QUINTINO BOCAIUVA
3959,BANGU 
3962, VILA DE CAVA
3965,CENTRO 
3727,VARGINHA
3731,BARRA DA TIJUCA
3735,RIBEIROPOLIS
3741,ANDARAI
3757,JARDIM RIO BRANCO
3760,GAVEA
3768,TURIACU
3771,COELHO NETO
3775,JARDIM BOTANICO
3053,ROLAMAO 
3061,CENTRO
3067,OLARIA
3793,CENTRO
3798,CABUCU
3802,BANGU 
3805,CENTRO
3811,Centro
3814,BANGU
3817,BANGU 
3434, IRAJA
3438, LOTEAMENTO SAMAMBAI
3441,CENTRO
3444,MADUREIRA
3448,RICARDO DE ALBUQUERQ
3453,VILA DA PENHA
3457,CENTRO
3470,JARDIM BOTANICO
3474,INDEPENDENCIA
3488,ITAMARATI 
3492,VENDA DAS PEDRAS
3509,NOVA CIDADE
1917,SALGUEIRO
936,PAVUNA
3512,CENTRO
3517,ESPERANCA 
3523,QUITANDINHA
3528,QUEIMADOS
3550,QUITANDINHA
3555,NOGUEIRA
3558,CENTRO
3562,MARE
3565,MACUCO
3582,ENCRUZILHA
3585,BOQUEIRAO
3588,BAL. FLORIDA MINIM
3594,ESTANCIA BAL.BIRIGUI
3599,EMBARE
3604,CENTRO
3616,TAQUARA
3624,PIEDADE
3629,ANIL - JPA
843,RECREIO 
4772,ITAIPUACU
870,CATUMBI
3632,CENTRO
3637,CAMPO GRANDE
3640,MELVI
3984,DUARTE DA SILVEIRA
3989,VARGEM GRANDE
3992,IMBUI
3996,BOQUEIRAO
4003,CENTRO
4024,JOQUEI CLUB
4027,CACHAMBI
4038,VILA BELA
4055,BENTO RIBEIRO
4064,BELFORD ROXO
4066,CENTRO
4072,VILA SANTA CRUZ 
4076,MARE
4095,CAMPO GRANDE
4098,JARDIM MERITI
2851,SAO SEBASTIAO
2856,CENTRO
4105,HELIOPOLIS
4109,GARDENIA AZUL 
4134,EDSOM PASSOS
4140,BOM RETIRO
4143,VILA ISABEL
4146,CENTRO
4149,BANGU 
4160,RECREIO
4166,XEREM 
4172,JARDIM BOTANICO
4178,PARQUE TIETE
4187,ROCHA MIRANDA
381,TIJUCA
402,ICARAI
1569,GUADALUPE
1580,COSMOS
1125,CAMPO GRANDE
1179,BENFICA
1987,OLARIA
3641,SAMAMBAIA
3017,TAQUARA 
4409,SENADOR CAMARA
4410,SANTA RITA
4412,Piabetá (Inhomirim)
4414,Piabetá (Inhomirim)
4415,GALO BRANCO
4416,CENTRO
4417,PARQUE LAFAIETE
4418,QUINTINO BOCAIUVA
4420,SANTA RITA
4424,COPACABANA
4425,COPACABANA
4429,CENTRO
4431,BOTAFOGO
4436,BOTAFOGO
4437,ACARI
4438,VILA LEOPOLDINA
4441,Jardim Willis
4443,PENHA CIRCULAR
4445,PENHA CIRCULAR
4530,SANTO ANTONIO
4531,CENTRO
4533,AREINHA
4534,SALGUEIRO
4535,CARAMUJO
4536,VILA INDUSTRIAL
4537,SANTA CECILIA
4581,JARDIM MERITI
4583,MIGUEL COUTO
4585,DOM BOSCO
4588,SANTA CRUZ
4590,AUSTIN
4591,CAMPO GRANDE
4594,CAMPO GRANDE
4599,DA LUZ
4601,BOTAFOGO
4603,TOMAS COELHO
4604,TURIACU
4605,LEBLON
4606,ALCANTARA
4608,JARDIM MERITI
4686,TANQUE
4718,CENTRO
4721,LARGO DA BATALHA
4722,CENTRO
4747,NOVA BELEM
4749,BOTAFOGO
4750,ACARI
4762,IRAJA
4768,VILA MARIA HELENA
4770,CENTRO
4771,CENTRO
4776,CENTRO
4777,COPACABANA
4779,MARE/BONSUCESSO
4808,CENTRO
4810,AUSTIN
4818,VILA DO PINHEIRO
4819,JARDIM CONTINENTAL
4820,CENTRO
4821,COPACABANA
4446,IPANEMA
4447,IPANEMA
4449,IPANEMA
4451,IPANEMA
4452,VILA MERITI
4453,VILA SANTO ANTONIO
4454,PARQUE MUCAJA
4455,Vila Leopoldina
4458,ENGENHEIRO PEDREIRA
4459,CAJU
4460,CAMPO GRANDE
4461,REALENGO
4464,VILAR DOS TELES
4469,ICARAI
4470,PARQUE ARARUAMA
4473,JARDIM VINTE E CINCO DE AGOSTO
4475,REALENGO
4479,Vilar dos Teles
4481,PARADA ANGELICA
4611,PARQUE PAULISTA
4612,Centro
4613,TAQUARA
4615,GUARATIBA
4616,ALCANTARA
4621,PORTO DO ROSA
4622,TRINDADE
4623,CAMPO GRANDE
4624,CATETE
4626,JACONE (SAMPAIO CORREIA)
4628,ZONA RURAL
4632,JACAREPAGUA
4674,GAVEA
4675,LARANJEIRAS
4680,GUARATIBA
4682,CAMPO GRANDE
4683,PAVUNA
4684,JARDIM PRIMAVERA
4687,AMARILINAS
4689,CACHAMBI
4826,ITAIPU
4827,CENTRO
4828,XXV DE AGOSTO
4829,CENTRO-ITAGUAI
4831,TRINDADE
4833,CENTRO
4837,JARDIM IGUACU
4838,VILA DO PINHEIRO
4839,MARE
4840,RAMOS
4841,TIJUCA
4843,CAMPO GRANDE
4844,Senador Camará
4845,Senador Camará
4850,LARAJEIRAS
4853,JARDIM AMERICA
4854,JARDIM AMERICA
4858,CASCADURA
4860,TIJUCA
4861,TIJUCA
4482,Jardim Guandu
4483,JARDIM PRIMAVERA
4484,DEODORO
4485,PADRE MIGUEL
4486,BANGU
4487,PADRE MIGUEL
4489,Realengo
4493,Curicica
4496,BANGU
4498,BANGU
4501,SAO PEDRO
4502,Colônia Dona Luíza
4503,Olaria
4506,PADRE MIGUEL
4508,REALENGO
4511,Centro
4512,CENTRO
4513,BANGU
4518,DA LUZ
4520,INDAIA
4521,ZONA RURAL
4701,FREGUESIA
4702,CAMPO GRANDE
4704,SAO FRANCISCO
4709,FREGUESIA
4710,BOTAFOGO
4711,COPACABANA
4712,BOTAFOGO
4714,FLAMENGO
4715,CENTRO
4716,CENTRO
4729,PENHA CIRCULAR
4730,MARACANA
4731,FONSECA
4753,PAU GRANDE
4755,ACARI
4756,ACARI
4757,INGA
4780,CENTRO
4781,CENTRO
4782,GUARATIBA
4783,CURICICA
4640,CENTRO
4641,BOTAFOGO
4642,ANCHIETA
4643,JACAREPAGUA
4645,VILA DAS MANGUEIRAS
4647,SAO CRISTOVAO
4649,CENTRO
4651,ACARI
4652,BOASSU
4655,CENTRO
4656,NOSSA SENHORA DE FATIMA
4659,AGOSTINHO PORTO
4660,CAMPO GRANDE
4662,Vila São João
4663,MUNICÍPIO
4667,JACAREPAGUA
4668,RECREIO DOS BANDEIRANTES
4669,RICARDO DE ALBUQUERQUE
4671,CENTRO
4463,IMBARIE
4946,RANCHO NOVO
4947,VILA DO JOAO
4948,VILA DA PENHA
4949,PARADA DE LUCAS
4954,MONJOLO
4955,SANTA CRUZ
4956,NEVES
529,MONERO / ILHA DO GOV
622,BOTAFOGO
4337,PEDRA DE GUARATIBA
666,VILA ROSARIO
1282,PRACA SECA
2180,PORTO DO ROSA
104,PARAIZO
4419,Itaúna
4582,VILA DA PENHA
4773,CORDOVIL
4848,Acari
4505,PADRE MIGUEL
4742,ACARI
4681,BANGU
5003,MARE
5004,MARE
5005,BENFICA
1649,CENTRO
1431,CENTRO
1452,SALGUEIRO
2005,ITAGUAI
2035,SAO JOAO DE MERITI
2106,CAMPO GRANDE
4318,REALENGO 
1925,SARACURUNA
4330,PIAO
1184,JARDIM PRIMAVERA
4298,REALENGO 
2154,VILA OPERARIA
4309,CAMPO GRANDE
2188,CENTRO 
2259,SURUI
4872,SANTA CRUZ
4873,SANTA CRUZ
4468,VILA DA PENHA
4758,SAO DOMINGOS
4874,FLAMENGO
4875,BONSUCESSO
4876,MARE
4877,Bonsucesso
4879,JARDIM AMERICA
4882,BOACU
4151,JACONE 
4928,BARRA DA TIJUCA
4930,CENTRO
4931,CENTRO
4933,RECREIO DOS BANDEIRANTES
4935,FREGUESIA
4936,GARDENIA AZUL
2496,NOVA IGUACU
2755,JARDIM PRIMAVERA 
5021,RECREIO
4584,Higienópolis
4939,SENADOR CAMARA
4940,CENTRO
4941,BENTO RIBEIRO
599,PQ INDEPENDENCIA
4351,CENTRO 
4552,Paciencia
4323,Brasilandia 
1994,GAVEA
4524,TRINDADE
4435,BOTAFOGO
4595,CIDADE DE DEUS
4467,BOA VISTA
4644,BANGU
4700,ANCHIETA
5010,CENTRO
5011,TAQUARA
4869,PARQUE UNIÃO
4734,ELDORADO
4507,JARDIM ALVORADA
3379,IPANEMA
309,PENHA
332,PENHA
752,NOVA ERA
773,BARRO VERMELHO 
921,CENTRO
953,REALENGO
982,PIABETA
1014,CAMPO GRANDE
1045,VILA FRATERNIDADE
811,CENTRO
817,VILA ISABEL
900,ENGENHO DE DENTRO
1463,ITAIPU
1079,CAMPO GRANDE
1100,MONJOLOS 
1146,NOVA IGUACU
661,AGOSTINHO PORTO
5022,RECREIO DOS BANDEIRANTES
5023,CORDOVIL
5024,CENTRO
5025,LUIZ CACADOR
5026,CASCADURA
1325,VILA ISABEL
4563,MADUREIRA
4565,AMPLIACAO
1530,XEREM
1644,MARAPICU
1439,VILA SAO LUIS
2030,BARRA DA TIJUCA
2091,VILA SAO LUIZ
1199,PENHA 
1217,AUSTIN VL GUIMARAES
1237,IRAJA
1268,COPACABANA
1275,VILA SAO LUIZ
4325,SANTISSIMO 
4884,DUQUE CAXIAS
4885,SANTA ROSA
4886,BONSUCESSO
4887,Cordovil
4888,Cordovil
4889,JARDIM AMERICA
4739,ICARAI
4959,TIJUCA
4960,VILA ROSARIO
2669,SANTA CATARINA
2261,MONJOLO
4911,JARDIM GUANDU
3951,Bonsucesso 
3217,CENTRO
3267,GUAPIMIRIM
804,BARRA DA TIJUCA
898,AUSTIN
424,ITAIPU
1516,PACIENCIA
1645,BARRA DA TIJUCA
4570,TIJUCA
3277,CASTELANEA 
4795,GARDENIA AZUL
4439,PACIENCIA
4596,TRINDADE
4761,ACARI
4448,IPANEMA
4465,PARQUE ALIAN
4627,GAVEA
4852,BONSUCESSO
4708,OLARIA
4743,ITANHANGA
4666,CENTRO
5016,COPACABANA
5017,PEDRA DE GUARATIBA
5018,COSMOS
5019,INHAUMA
617,CENTRO
4918,CENTRO
4919,CENTRO
4921,VILA ISABEL
4922,PITA
4923,CENTRO
4925,SANTA CRUZ
4926,SEPETIBA
4577,OLARIA
4944,PARQUE FLORA
1160,Trindade
3204,VILA SERRANA
475,RICARDO DE ALBUQUERQ
275,COCOTA
73,POSSE
119,PRACA SECA
131,PIEDADE
174,COELHO
220,TAUA / ILHA GOV
263,TIJUCA
370,ILHA DA CONCEICAO
4952,ICARAI
4953,BOTAFOGO
4992,PRADOS VERDES
4393,Olaria
4720,CENTRO
415,ITAIPU
532,BARRETO
4377,PADRE MIGUEL
4349,BANGU 
1162,RIO DAS PEDRAS
4403,PARQUE ANTARTICA
1230,VASCO
2661,CENTRO
4592,CAMPO GRANDE
4519,CHACRINHA
410,SANTA ROSA
447,PARQUE SAO JOSE
514,SANTO ANTONIO PANTAN
536,VILA SAO LUIZ 
4376,Gardênia Azul
4279,JARDIM CATARINA 
296,PIEDADE
208,XEREM
4277,PARADA ANGELICA
586,IRAJA
621,COPACABANA
774,PQ FLUMINENSE
931,CATETE
908,CENTRO
1135,JARDIM LEAL 
1156,REALENGO
651,ANCHIETA
725,ITAIPU
4564,CAMPO GRANDE
1548,CAMPO GRANDE
1432,ILHA DA CONCEICAO
4553,QUEIMADOS
2025,UNAMAR
1290,J GRAMACHO
4299,FRAGOSO
4307,CAMPO GRANDE
2240,ITAPUACU
4572,VILA VALQUEIRE
4526,CAMPO ALEGRE
4799,MARE
4433,TIJUCA
4597,ANIL
4480,CENTRO
4633,TAQUARA
4517,PARQUE ENGENHEIRO PEDREIRA
4764,CENTRO
4672,PARQUE PAULISTA
4980,ITAIPUACU
4981,RECANTO DE ITAIPUACU (ITAIPUACU)
4982,SENADOR CAMARA
249804,Savassi
250100,
5006,PORTO NOVO
5007,CENTRO
4961,PENHA
2006,INHOAIBA
249800,Savassi
4999,JACAREPAGUA
5000,VILA SANTA CRUZ
4397,OLARIA
5012,BANGU
5013,TAUA
5014,ANIL
4807,INHOAIBA
4836,MARECHAL HERMES
4664,BOA ESPERANCA
489,TAQUARA
269,ROCHA
293,MEIER
185,BENTO RIBEIRO
200,BARRO VERMELHO
225,DR LAUREANO
440,GAMBOA
4972,COPACABANA
4973,BENFICA
4975,COPACABANA
4985,STA CRUZ DA SERRA
4986,PQ.UNIAO
4987,SAO CRISTOVAO
4988,PACIENCIA
4990,MARIA DA GRACA
4991,GAVEA
552,ANIL
591,PRACA SECA
761,TAQUARA
788,PARQUE PAULISTA
801,BARRA DA TIJUCA
979,TANQUE
998,ICARAI
1042,PAQ CONQUISTA
889,JARDIM 25 DE AGOSTO
4372,JARDIM GUANDU
1080,PEDRA DE GUARATIBA
4962,DEL CASTILHO
4964,SENADOR CAMARA
4965,BARRA DA TIJUCA
4966,ENGENHO DE DENTRO
4967,ENGENHO DE DENTRO
4968,PARQUE FLUMINENSE
4969,CENTRO
4976,MEIER
4977,BENTO RIBEIRO
4978,OSWALDO CRUZ
249801,Savassi
249803,Savassi
1117,MARE
1142,JOQUEI CLUBE
646,SANTA AMELIA
4900,ACARI
730,SANTA ROSA 
1345,NILOPOLES
1368,GALEAO
1545,PENHA
1579,GAXINDIBA
2855,CENTRO
2889,CENTRO
2977,JARDIM ATLANTICO
3031,BAIRRO DE FATIMA
3039,SAO LUCAS
3648,OCIAN
270,BONSUCESSO
806,BARRA DA TIJUCA
1837,TAQUARA
3720,SAO PEDRO
3751,BAUNERIA DE APURA
3538,CENTRO
3622,CURICICA
1552,SAO FRANCISCO-PENDOT
1017,TENENTE JARDIM
1061,SENADOR VASCONCELOS
1198,IRAJA
1215,COPACABANA
4870,GUARATIBA
3229,SAO CRISTOVAO
3988,CENTRO GUAPIMIRIM
4106,BARRA DA TIJUCA
4135,VILA ISABEL
4179,PACIENCIA
918,MARECHAL HERMES
2826,CENTRO
2668,VILAR DOS TELES
1380,VILA SANTO ANTONIO
1666,INHOAIBA
1181,CURICICA
1267,CORDOVIL
57,FREGUESIA/ILHA GOV
3482,CHACARAS PINHAO
495,TAQUARA
4579,AUSTIN
1089,TRINDADE 
1910,STA CATARINA
4785,GRAMA
3724,CIDADE NAUTICA
3547,TAQUARA 
4069,QUITANDINHA
4163,CAMPO GRANDE 
4607,Santa Cruz
4610,COPACABANA
4830,PITA
4733,ICARAI
4494,HELIOPOLIS
1038,MANILHA 
5040,1
1216,MARE
2630,ROCINHA
4727,VILA DA PENHA
4657,ENG.PEDREIRA
5042,CATETE
5043,COSME VELHO
5044,LARANJEIRAS
5045,CATETE
5034,JARDIM MERITI
159,PARQUE LARANJAL
5036,PQ ARARUAMA
360,BOTAFOGO
1953,AMENDOEIRA
1011,PIABETA
4405,R DOS BANDEIRANTES
3982,OLAVO BILAC
2242,COIO
4466,VILAR DOS TELES
4863,TIJUCA
4994,COPACABANA
5050,CIDADE NOVA
12,TRINDADE
1460,FONSECA
5054,OLARIA
5055,DUAS PEDRAS
5056,CHACARA DO PARAISO
5057,SAO PEDRO DA SERRA
3568,VILA MIRIM
4001,PONTA GROSSA
981,INHOMIRIM
4340,SANTA EUGENIA 
4327,BANGU
91,VILA VALQUEIRE
4490,REALENGO
5058,PILARES
5059,JARDIM BOTANICO
5060,GAVEA
4550,Jardim Catarina
1171,JOQUEI CLUBE
2802,BOQUEIRAO
2509,SAO GONCALO
4440,COPACABANA
5062,TAQUARA
5063,VILA SAO JOAO
4355,CAMPO GRANDE
259,TIJUCA
5052,PACIENCIA
1617,PARQUE SOLO
4974,ANHUI
2042,MONTEVIDEU
473,GUADALUPE
23,PARQUE FLORA
39,IRAJA
63,PIRATININGA
117,JD PORTO DAS CAIXAS
127,TAQUARA
182,CENTRO
4273,VILA MURIQUI
345,JACARE
430,LEBLON
508,CAMPOS ELISIOS
558,TAQUARA
4379,CENTRO
4353,JARDIM CATARINA 
2093,PADRE MIGUEL
2133,SENADOR CAMARA
2159,PILAR
2193,CENTRO 
2252,NOVO HORIZONTE MANIL
2820,CENTRO
2572,ITAPUACU
2609,ICARAI
2649,ROCINHA
1740,SANTA CRUZ
1762,S. FRANCISCO XAVIER
1803,RECREIO
1822,COMENDADOR SORES
1851,PARAISO - SG
1886,CENTRO
2548,INGA
2748,CENTRO
3371,CAMPOS ELÍSEOS
3170,NORTE D OURO
2689,BOACU
2302,CURICICA
2330,CENTRO
2362,CENTRO
3092,CENTRO 
3120,CORREAS
3135, VICENTINO
3290,RETIRO
3324,PIABETA
3826, NOVA IGUACU
3860,PARQUE VENEZA 
3944,SAO DOMINGOS
3206,BAIRO ALBUQUERQUE
3258,VILA TIRADENTES
3614,AVIACAO
2960,TIJUCA
2085,PALMARES CAMPO GRAND
1769,SANTA CRUZ
771,HIGIENOPOLIS
3719,EMBARE
3750,AGENOR DE CAMPOS
3774,PENHA
3800,VISTA ALEGRE
3430,VILA CORTES
3436,PROVISORIA 
3541,TIJUCA
1009,SEROPEDICA
4865,SANTA CRUZ
3236,CALIFORNIA
4057,SANTA TEREZENHA
4081,RAMOS
1226,MARECHAL HERMES
4148,RECREIO DOS BANDEIRA
714,SAO CRISTOVAO
2283,INGA
1176,PORTO NOVO
1218,PAVUNA
35,BOTAFOGO
4028,PORTUGUESA
2311,CENTRO
146,BARRO VERMELHO
1404,SANTA MARTA
1703,COMENDADOR SOARES
2953,CENTRO
4690,BOTAFOGO
4793,INOA (INOA)
3495,AMENDOEIRA
3578,JARDIM GUARAMAR 
4137,CENTRO
4434,BOTAFOGO
4532,CENTRO
4589,LOTE QUINZE
4760,FIGUEIRA / CENTRO
4822,BRAZ DE PINA
4450,IPANEMA
4472,AUSTIN
4619,Bangu
4679,CAMPO GRANDE
4857,Rocinha
4491,PARAISO
4515,ESTACIO
4732,PENDOTIBA
4648,JACARE
4661,CHATUBA
4934,MARE
2140,JARDIM NOV GUARATIBA
4754,ACARI
5028,BANGU
5029,RAMOS
5030,PQUE ALVORADA
5031,JARDIM AMERICA
4630,INHAUMA
197,ENGENHEIRO PEDREIRA
2281,CAMPO GRANDE
3839,Vale do Ipe
1929,PACIENCIA
3918,PQ VENEZA 
4897,ITAIPU
5032,SANTO AMARO
4394,VARGEM PEQUENA
3853,AUSTIN 
3901,BARRA DA TIJUCA 
1616,SENADOR VASCONCELOS
4476,REALENGO
5038,STA CRUZ
1487,FONSECA 
5046,LARANJEIRAS
5047,IPANEMA
5048,SAO PEDRO DA SERRA
1689,VALE DO IPE
465,ENGENHEIRO LEAL
290,MEIER
33,ANDRADE ARAUJO
72,CABUCU
96,JD PLANALTO-MANILHA
201,COELHO
4278,COELHO 
412,ICARAI
423,CENTRO
511,PQ BEIRA MAR
556,CURICICA
593,TAQUARA
4383,RECREIO DOS BANDEIRANTES
320,BONSUCESSO
748,CAROLINA
764,OLARIA
803,BARRA DA TIJUCA
4360,Imbarie 
1019,MARE
10,FIGUEIRA
4421,SANTA RITA
820,CAMPINHO
867,JARDIM IRIS
890,COPACABANA
1075,IRAJA
1090,JOQUEI CLUBE
1132,JOCKEY
649,GUADALUPE
670,VILA SAO LUIZ
1373,BARRA DA TIJUCA
4395,JARDIM NOVA REPUBLICA
1564,GARDENIA AZUL
1646,TIJUCA
1408,MANILHA
1434,BARRO VERMELHO
2058,PAIOL DE POLVORA
1262,PARQUE COLUMBIA
1283,PENHA CIRCULAR
4022,RIO DO OURO
1461,FONSECA 
280,GALEAO 
2698,JD.  ANHANGA
2017,SAO CRISTOVAO
4654,ITAUNA
1314,CENTRO
4297,BANGU 
2130,CAMPO GRANDE
2191,GETULIO VARGAS 
2213,MONTE CRISTO 
2232,INHAUMA
2839,CENTRO
2616,ITAUNA
2636,ENGENHO NOVO
1774,JD GRAMACHO
1850,CENTRO
1877,JARDIM GUANDU
1191,RECREIO 
2555,COLEGIO
2740,IPANEMA
2757,CENTRO
2786,JARDIM BOTANICO
3354,RAMOS
3391,CENTRO
3392,RETIRO
3423, ALTO DA SERRA
2670,Gramacho
2397,CENTRO
2424,Boa Sorte
2443, ANO BOM
3088,CIDADE ALEGRIA
3126,ALAMBARI
3292,MORIN
3320,PQ UNIAO/BONSUCESSO
3850,AMBAI
3952,JD Olavo Bilac
3209,VILA INHOMIRIM
3264,BOQUEIRAO
4545,CENTRO
2385,CENTRO
3095,VICENTINA
3322,TAQUARA 
3822,ITAIPUACU
2850,JAMAPARA
4456,Olaria
249,CENTRO
756,MEIER
3717,STA MARIA
3752,BANCO DE AREIA
3603,CENTRO
2403,PITERIA
2729,DORANDIA
4004,PORTO NOVO
4104,AREIA BRANCA
4139,PARADA DE LUCAS
4522,MADUREIRA
1143,SEPETIBA
38,TIJUCA
745,JARDIM IMBARIE
510,ANDRADE DE ARAUIJO
3310,CORDEIRINHO (PONTA N
2926,SANTOS DUMONT
4784,BOTAFOGO
4492,Parque Senhor do Bonfim
4765,VILA MILITAR
60,SANTA RITA
4893,CENTRO
4274,JD ANHANGA 
252,ILHA GOVERNADOR
431,BONSUCESSO
1060,PORTAO
1104,LARANJAL
637,PQ URUGUAIANA
1346,Parque Alvorada
2257,VANDA DAS PEDRAS
2521,BOACU
2550,TRES PONTES
3367,CENTRO
3398, LEBLON
2326,PARQUE ESPERANCA
3144,PARAISO
1756,SANTA CRUZ
3510,CENTRO
3573,XEREM
844,TAQUARA
3974,ENGENHO PEQUENO
4019,JARDIM AMERICA
4078,BELFORD ROXO
681,VILA ISABEL
723,ITAIPU
3006,RUSTICO
1453,CAMPO GRANDE
4614,ROCHA
3786,Santissimo
3425,CENTRO
2052,SANTA TEREZA DO OEST
4321,PC DA PONTE
2662,PONTA GROSSA 
1806,JOAO PESSOA 
1891,JARDIM PARAISO
3071,VILA MURY 
3759,CENTRO
4650,NOSSA SENHORA DE LOURDES
4538,Vila de Cava
4569,JARDIM PRIMAVERA
613,LEME
4499,BANGU
468,COELHO NETO
30,GRAMA/MIGUEL COUTO
4350,CENTRO 
962,CATETE
887,CAJU
679,ANDARAI
1588,CAMPO GRANDE
1400,JD MIRIAMBI
1285,ATALAIA
2580,ITAIPUACU
2659,TIJUCA
1775,JD PALMARES
1810,TRINDADE
1874,CENTRO
2694,MEIER
3344,NOVA MARILIA
2272,RIO DO OURO
2420,Loteamento Sofia
3859,Cruzeiro do Sul 
2943,CENTRO
3670, V N CUBATA
3687,V YOLANDA C. E SILVA
2251,ENGENHOCA
1656,COPACABANA
1249,VILAR NOVO
1256,TOMAZINHO
3626,VARZEA
4834,CENTRO
4422,ICARAI
577,SANTA AMELIA
2044,PRACA DA BANDEIRA
2104,CALIFORNIA
2114,PADRE MIGUEL
4304,CENTRO 
4314,Santa Cruz da Serra
2197,CALIFORNIA 
1890,SANTA CRUZ
3186,COSMOS
2481,CENTRO
3103,FATIMA
3828,PONTO CHIC 
1687,DA LUZ
1698, AUSTIN
912,ROCHA MIRANDA
1225,PORTO NOVO
634,JD SANTANA DO PILAR
4809,CENTRO
4303,FLAMENGO 
4998,JARDIM ATLANTICO LESTE (ITAIPUACU)
4284,PADRE MIGUEL
502,CENTENARIO 
107,CENTRO
157,RIBEIRA/ILHA DO GOV
398,ICARAI
533,FRAGOSO
4386,COLUBANDE
308,IRAJA
749,RAMOS
4343,PORTO VELHO
824,ANDARAI
3429,CASTELANEA
1384,VILA NOVA 
1542,SEPETIBA
1592,PADRE MIGUEL
1454,CAMPO GRANDE
2011,VILAR CARIOCA
1192,TANQUE
1923,ENGENHO PEQUENO
2591,SANTA CRUZ
1728,PARAISO - N. IGUACU
4724,CENTRO
2787,QUITANDINHA
2264,PRAIA DA BANDEIRA
3920,OLARIA
3251,PILARES
2872,PARQUE SAO JOSE
3971,COMENDADOR SOARES 
3621,LINS DE VASCONCELOS
2221,SANTO AGOSTINHO
3619, PIEDADE
2436,BOA VISTA II
978,TAQUARA
4168,XEREM
1147,ACARI
178,MUTUA
1527,FRAGOSO
4805,OLARIA
3780,PARQUE ESTRELA
4427,COPACABANA
4539,ROCHA
4477,VILA TIRADENTE
4646,CENTRO
4881,Jardim Guandu
3723,BOQUEIRAO
628,JD CARIOCA - ILHA
4963,CHACARAS BANDEIRANTES
4525,PAINEIRAS
5064,RAMOS
1294,NOVA CAMPINA
950,PARQUE ANCHIETA
1051,JARDIM DO IPE
829,BARRA DA TIJUCA
4370,PORTO DO ROSA
1108,JARDIM CATARINA
4556,JARDIM BOTANICO
676,ICARAI
716,SANTA ROSA
1340,CENTENARIO
1367,SANTA MARTA 
1549,PACIENCIA
1578,REALENGO
1407,CAMPO GRANDE
4286,CENTRO
2096,MAGALHAES BASTOS
1956,ENG PEQUENO
2155,PARQUE ARARUAMA
2254,INOA
1777,VILA DO TINGUA
1780,PEDRA DE GUARATIBA
1880,MESQUITA
2567,ITAIPUACU
2705,SETE PONTES
3345,SANTA CECILIA 
3404,ESPERANCA 
3163,BATAGUASSU
2674,JACAREZINHO
2284,SEPETIBA
2306,ENGENHO NOVO
2341,CENTRO
2430,Boa Vista
2449,CENTRO
3082,PARAISO 
3866,COPACABANA 
3903,GRAMACHO
3948,CENTRO
3232,RIO BONITO
3266,OLARIA
2950, NOGUEIRA
2978,ITAIPUACU
3034,PONTE ALTA
3041,CENTRO
3666,JAPUI
3680,JOSE MENINO
2105,PRATA
2510,COJ. BOA ESPERANCA
3809,FREGUESIA
3446,OSWALDO CRUZ
3478,QUINTANDINHA
3536,VARGEM PEQUENA
652,CABRAL
1535,PACHECO
3001,CORREAS
2470,SAO LUCAS
3110,IMBUI
2007,PACIENCIA
2033,VARGEM GRANDE
3299,CENTRO
1213,MOQUETA
1311,PAVUNA
436,ENGENHO NOVO
706,JARDIM LEAL
1166,GUARATIBA
4101, ITANHANGA
2350,JARDIM CARIOCA
4695,BOTAFOGO
3696,LINS DE VASCONCELOS
3808,Realengo
4600,JARDIM DELAMARE
4102,JACAREPAGUA
4719,CENTRO
4617,PARAISO
4859,TIJUCA
4510,EDSON PASSOS
4740,LINDOIA
2324,TAUA
996,SANTA ROSA
4548,SAO GABRIEL
4984,V.EUNICE CPO GRANDE
667,VILA SAO LUIZ
4705,GUARATIBA
1310,BENTO RIBEIRO
969,CURICICA
2788,QUITANDINHA
4629,TAQUARA
3386,CENTRO 
3929,CATETE 
4127,PACIENCIA 
4430,MIGUEL COUTO
4593,CAMPO GRANDE
4774,CENTRO
4474,SAO BENEDITO
4390,CABRAL
4880,Senador Camará
5008,SAO CRISTOVAO
4335,PARQUE URUGUAIANA
4315,Fragoso
970,TAQUARA
1031,ICARAI
1482,CAMPO GRANDE
1506,RECANTO DAS ACACIAS
1126,JOCKEY
4392,Vila de Cava
1553,GUARATIBA
1189,COLUMBANDE
1229,MARICA
2806,CENTRO
1736,S.CRUZ DA SERRA
2354,SANTA CRUZ
2439,VILA MARIA 
2979,CENTRO
441,CERAMICA
3454,CENTRO
271,RIO COMPRIDO
142,CENTRO
377,MARE
393,NEVES
611,COPACABANA
858,ROCHA
1389,CENTRO
1603,BANGU
1629,GUADALUPE
4551,TIJUCA
2015,ENGENHO NOVO
1695,SANTA EUGENIA
1270,BOA ESPERANCA
1966,OLINDA
1980,VILAR DOS TELES
2596,COSMO
1846,TAQUARA
3182,TABOAS
2432,PARAISO
1651,BARRA DA TIJUCA
3477,HELIOPOLIS
1302,COPACABANA
1939,GARDENIA AZUL
1967,INHOAIBA
1971,CAMPO GRADE
1975,COSMOS
2119,MANGUINHOS
2151,COELHO NETO
2189,CENTRO 
2210,SAO LUIZ 
2215,MORADA DO VALE
2223,SANTO AGOSTINHO
2227,JARDIM GLAUCIA
3721,OLARIA
3737,VILA MIRIM
3742,JARDIM PRIMAVERA
3755,SANTO ALEIXO
365,PIEDADE
470,ROCHA MIRANDA
4283,BOTAFOGO
21,TRINDADE
49,ESTRELA DO NORTE
92,LINDO PARQUE
206,VILA SANTA CRUZ
4270,JARDIM CATARINA
4275,CATETE 
251,VILA SAO JOAO
413,TRINDADE
425,SANTA CATARINA
4332,JOQUEI CLUBE
4333,NOVA CAMPINAS 
4904,SANTA CRUZ
4906,JACAREPAGUA
583,AGOSTINHO PORTO
3518,LARANJAL 
3554, ITAMBI
3567,CANTO DO FORTE 
3985,DUARTE DA SILVIERA
4009, MARIA DA GRACA
4030,BARRA DA TIJUCA
4047,CENTRO
4059,FNM
4090,ICARAI
4124,JARDIM LIMEIRA
4177,JARDIM PRIMAVERA
260,OLAVO BILAC
938,PAVUNA
4575,CENTRO
4578,JACAREPAGUA
1312,PAIOL
2051,NOVA IGUACU
1811,BARRO VERMELHO
4384,CAMPO GRANDE
794,TAQUARA
928,CENTRO
949,PARQUE ANCHIETA
985,PARQUE PAULISTA
4356,GAVEA - ROCINHA
1030,VILA DA PENHA
4907,JACAREPAGUA
1067,SARACURUNA
4365,PACIENCIA
4369,AUSTIN/ PC DO BATUTA
845,COVANCA 
857,GRADIM
877,VILAR DOS TELES
904,BARRA DA TIJUCA
1490,XEREM - MANTIQUEIRA
1503,PADRE MIGUEL
1078,GUARATIBA
2658,TRINDADE
2450,CENTRO
3381,CENTRO
2925,TEIXEIRAS
3787,BANGU 
4694,ICARAI
4788,SANTA ROSA
4792,JARDIM NOVA METROPOLE
4798,ITAPEBA
4804,REALENGO
4413,PARQUE UNIAO
4423,CENTRO
4426,COPACABANA
4432,BOTAFOGO
4442,ENGENHEIRO PEDREIRA
4586,VILA SAO JOAO
4598,JARDIM NOVA ERA
4602,Santo Expedito
1096,JARDIM REPUBLICA
1106,ARSENAL
1122,JD OLAVO BILAC
1148,PAVUNA
4560,Parque Mucaja
640,PQ FLUMINENSE
665,SANTANA DO PILAR
674,TRINDADE
4388,BANGU
1331,PORTO NOVO
1353,ENGENHO PEQUENO
1386,CANGULO-SARACURUNA
4567,JARDIM METROPOLE
1550,CENTRO
4398,GUIA DE PACOBAIBA
4401,COELHO DA ROCHA
1575,CENTRO
1612,PACIENCIA
4748,ENG.PEDREIRA
4763,BRAZ DE PINA
4775,CENTRO
4778,BONSUCESSO
4813,BARRETO
4825,VILA SARAPUI
4457,BANCARIOS
4462,COELHO DA ROCHA
4478,BANGU
4618,PADRE MIGUEL
4625,JARDINS
4631,LARANJEIRAS
4678,OLARIA
4688,LEBLON
4835,CENTRO
4842,Nova holanda
4849,VILA SANTO ANTONIO
1677,PARQUE PAULISTA
1457,CAMPO GRANDE
2026,UNAMAR
4289,TIJUCA
4292,MURIQUI 
2054,VILA DO PINHEIRO
1690,MARE/BONSUCESSO
1214,SAO VICENTE
1235,SARACURUNA
1257,CENTRO
4917,OSWALDO CRUZ
1286,VILAR DOS TELES
4319,BANGU 
4324,CAMPO GRANDE
1941,GUARATIBA
1947,SARACURUNA
1978,CAMPO GRANDE
4295,MURIQUI
5066,NOSSA SENHORA DO CARMO
4856,PARADA DE LUCAS
4862,CATETE
4488,Centro
4504,SAO LUIZ
4509,ENGENHEIRO PEDREIRA
4516,ENGENHEIRO PEDREIRA
4713,FLAMENGO
4728,BOTAFOGO
4752,CENTRO
4766,PARQUE PAULISTA
4653,TIJUCA
4658,BARRA DA TIJUCA
4665,ANIL
4670,Ramos
4864,IRAJA
4957,BOACU
4698,VILA VALQUEIRE
3999,PORTO NOVO
2047,MARE
2143,CAMPOS ELISEOS
4308,CAMPO GRANDE 
2171,RIO DO OURO
2183,PQ INDEPENDENCIA
4316,Parque Paulista
2245,CASTRO
4574,TIJUCA
2805,JARDIM NOIA
2810,PRAIA DA ESPERANCA
2573,NITEROI
2587,LUIS CACADOR
2615,PARQUE SAO JOSE
2647,MARINGUA - PARQUE ES
2660,PARQUE ESPERANCA
1729,JD PARAISO
1754,CAMPO LIMPO
4620,CIDADE JARDIM GUAPIMIRIM
2112,JARDIM NOVA MARILIA
2581,INOA
4878,ITAIPU
4929,CENTRO
4932,DUMAS - STA CRUZ
4938,CAMPO GRANDE
4942,MARECHAL HERMES
873,COLUBANDE
4958,VILA S CATARINA
3158,VILA SAO JOAO
4812,SAO BENTO
4514,REALENGO
4920,CENTRO
4924,VILA VALQUEIRE
94,SAO CRISTOVAO
4744,JACAREPAGUA
1773,JD GRAMACHO
1796,MUTUA
1802,BOM RETIRO
1814,SANTA CRUZ
1839,NEVES
1863,VILA CANNAN
1882,JARDIM IMPERIO
1911,TRINDADE
2504,NOVA IGUACU
2558,CAMPO GRANDE
2712,NANCILANDIA
4890,FONSECA
3365,ANASTACIO
3380,CENTRO 
3411,ALDEIA DA PRATA  
3162,CONCEICAO DO PARA
2691,PQ. ALVORADA
4547,MADUREIRA
809,COLUBANDE
2111,JARDIM ANHANGA
542,JACAREPAGUA
4811,CENTRO
4855,Rocinha
4989,PENHA CIRCULAR
4363,IMBARIE 
4970,RIO COMPRIDO
249802,Savassi
1397,VILA STO ANTONIO
4950,XEREM
4725,GAMBOA
4824,Porto Novo
4131,PARQUE SANTO ANTONIO
3408,CENTRO/ASILO
4411,COMENDADOR SOARES
4609,JACAREPAGUA
4832,MUTUAGUACU
2286,TAQUARA-JACAREPAGUA
2298,JACARE
2321,ESPERANCA
2340,ENGENHEIRO BELFORD
2359,ELITE
2384,SANTISSIMO
2413,VISTA ALEGRE
2462,VERBO DIVINO
2469,SANTA CRUZ
3077,Centro
3086,CIDADE ALEGRIA
3097,CIDADE ALEGRIA
3122,BANANEIRAS
3125,São Caetano
3155,GEBARA
3285,ALTO DA SERRA
3304,SAO JOAO DE MERITI
3841,Jd Olavo Bilac 
948,PARQUE ANCHIETA
2086,SANTA LUCIA
4500,Bangu
4342,RIACHAO 
5068,CONEGO
5069,SENADOR CAMARA
5070,CATIIRI
5071,LUMIAR
5072,LUMIAR
5073,SANTA LUCIA
3458,PAVUNA 
3463,GLORIA 
3496,ALCANTARA
3527,CABUCU
3579,ENCRUZILHADA
3584,V NOVA
3590,MARAPE
3595,PAQUETA
3611, PARQUE TURISTICO
3881,CAMPOS ELYSEOS
3910,VILA PAULINE
3940,JD GRAMACHO 
3200,SANTO EXPEDITO
3219,PALMAS/BAROA DE AMPA
3257,CENTRO
2846,COMENDADOR SOARES
2892,FRAGOSO
2914,SANTA CRUZ DA SERRA
2963, ALTO DA SERRA
2984,MANOEL REIS
3010,PARQUE ELDORADO
3063,RECANTO FELIZ
3693,AGENOR DE CAMPOS
3704,BALNEARIO ITAOCA
3748,J AMERICA
3783,OLINDA
3439, CARANGOLA
3769,PARQUE LAFAIETE
3469,CENTRO
3499,ITAMARATI
3530,COMENDADOR SOARES
2972,ICARAI
324,BRAZ DE PINA
1916,PORTO NOVO
3341,PARADA DE LUCAS
2849,CENTRO
2971,OSWALDO CRUZ
3033,RETIRO
3645,JARDIM GUILHERMINA
3193,CAMPO GRANDE
4018,ENGENHO DE DENTRO
2794,SAO CRISTOVAO
1932,RAMOS
972,JACAREPAGUA
1043,PQ MUISA
1913,COELHO NETO
2500,POSSE
2156,COELHO ROCHA
3900,PILAR 
3856,CARMARIM
3480,CENTRO
3467,CENTRO
1349,FRAGOSO
3342,JARDIM XAVANTES
3898,PQ SANTA EUGENIA 
3004,BENTO RIBEIRO
3040,MONTE CASTELO
1893,CENTRO
863,RECREIO DOS BANDEIRA
1158,ALCANTARA
3276,BENTO RIBEIRO
3765,JACAREPAGUA
3804,GUIA DE PACOBAIBA
2870,MARCO II
5074,BANGU
5075,CHACARA ARCAMPO
5076,PQ DUQUE
5084,PRADO
4428,COPACABANA
5086,COPACABANA
5087,VILA SAO JOAO
5088,CHACARA ARCAMPO
5089,CATIRI
5090,JACAREPAGUA
5091,MURY
5092,SENADOR CAMARA
5093,JD.PITORESCO
5094,PAVUNA
5095,CATARCIONE
2327,TAQUARA
566,PARADA ANGELICA
5097,NORTH PARK
5098,QUINTINO BOCAIUVA
387,COPACABANA
5100,CAMPO GRANDE
5101,CENTRO
5102,INHOAIBA
5103,COMENDADOR SOARES
5104,JD.PEDREGOSO
5105,SEPETIBA
5106,SEPETIBA
5107,VILAR DOS TELES
5108,COSMOS
5109,REALENGO
5110,EDSON PASSOS
5111,SHANGRILA
5112,CAIOABA
5113,VILA VALQUEIRE
5114,PARQUE ESPERANCA
2230,JACARE
2584,ARCENAL
1719,AUSTIN
2244,JARDIM IMPERIAL
4020,CASCATA GUARANI
4060,SANTA ROSA
576,EDEN
3224,CENTRO
2905,V MATHIAS
3435, ALTO DA SERRA
3559,TUDE BASTOS
1931,CHACARAS RIO PETROPO
2745,CITROLANDIA
2778,ACUDE
5078,SAO MIGUEL
5079,ACARI
5080,VIGARIO GERAL
5082,CATETE
1655,centro
923,CENTRO
2466,TIJUCA
4112,SAO CRISTOVAO
2445,BOA VISTA II
1559,PACHECO
1590,COSMOS
1600,PACIENCIA
1024,CORDOVIL
1052,COPACABANA
2523,VALE DO PARAISO
2726,TIJUCA
1064,CAMPO GRANDE
830,SACRAMENTO
906,PENHA
3175,BENFICA
3978,CENTRO
3983,COSMOS
4011,REALENGO
4071,PONTA GROSSA
4077,CAMPO LINDO
4097,CENTRO
4103,FREGUESIA
4147,RECREIO DOS BANDEIRA
4175,JARDIM LETICIACAMPO 
531,BOACU
559,COPACABANA
569,VILAR DOS TELES
603,VILA SAO LUIZ 
2804,JACARE
2837,CENTRO
2602,QUINTANDINHA
2626,ITAUNA
677,MARACANA
705,JD 25 DE AGOSTO
2320,ALTO DA POSSE
721,SAO FRANCISCO
1359,BARRETO
1391,CAMPOS ELISEOS
1532,BONSUCESSO
2360,PENHA
2380,MARACANA
3049,AGUA LIMPA
3060,RETIRO
3651, VILA SONIA
3668,AREIA BRANCA
2452,ANO BOM
2475,CAJUEIRO 
2492,ENGENHO NOVO
3149,VARZEA
1418,SAO CRISTOVAO
1426,JARDIM PRIMAVERA 
1440,BARRACAO
1466,VICENTE DE CARVALHO
3315,TAQUARA
3335,GARDENIA AZUL
3352,OLINDA
1103,PACHECO
1115,ARSENAL
1141,RAMOS
1157,REALENGO
434,TIJUCA
450,SAO BERNARDO
1263,IPANEMA
1277,VICENTE DE CARVALHO
1297,VILAR DOS TELES
1315,PAVUNA
476,RICARDO DE ALBUQUERQ
53,CAMPO GRANDE
69,BOTAFOGO
1977,GALEAO
2158,SANTA CATARINA
2173,CAMARAO
2200,TRES POCOS
75,MIGUEL COUTO
173,CENTRO
3745,MEIER
3145,VARZEA
3947,JARDIM GRAMACHO
1098,TRINDADE
2249,JACAREZINHO
3418,BARRA DA TIJUCA
3569,V ITAIPU
2909,CENTRO
2937,Valverde
2949,CHACARA FLORA
3854,PARQUE LARANJAL
3886,VILA SANTO ANTONIO
3912,Vila Leopoldina
3970,OURO VERDE 
3738,SURUI 
3764,JD GUANDU
3451,ROCHA MIRANDA
3460,AGOSTINHO PORTO
3485,AREAL
3591,C GRANDE
3601,BOQUEIRAO
3620,LINS DE VASCONCELOS
4041,REALENGO
4092,CENTRO
4181, PARADA DE LUCAS
1016,JARDIM AMERICA
2618,LINS VASCONCELOS
1812,SACRAMENTO
680,TIJUCA
715,SAO CRISTOVAO
2117,CENTRO
4158,JARDIM METROPOLE
2177,BANCARIOS,ILHA DO G 
515,VILA OPERARIA
