FID_CLIENTE,DESCRICAO
455,Niterói
456,Rio de Janeiro
457,Rio de Janeiro
458,São Gonçalo
459,São Gonçalo
461,Rio de Janeiro
462,Rio de Janeiro
464,Rio de Janeiro
466,Rio de Janeiro
467,Rio de Janeiro
469,Rio de Janeiro
471,Rio de Janeiro
472,Rio de Janeiro
474,Rio de Janeiro
477,Rio de Janeiro
478,Rio de Janeiro
479,Rio de Janeiro
481,Rio de Janeiro
483,Rio de Janeiro
484,Rio de Janeiro
486,São Paulo
266,Duque de Caxias
267,Rio de Janeiro
272,Rio de Janeiro
273,Rio de Janeiro
274,Rio de Janeiro
276,Rio de Janeiro
279,Duque de Caxias
281,Mesquita
282,Rio de Janeiro
283,São Gonçalo
285,Rio de Janeiro
286,Rio de Janeiro
287,Rio de Janeiro
289,Rio de Janeiro
292,Rio de Janeiro
294,Rio de Janeiro
298,Rio de Janeiro
4280,São Gonçalo
4281,São Gonçalo
4282,São Gonçalo
4285,Rio de Janeiro
490,Rio de Janeiro
492,Rio de Janeiro
493,Rio de Janeiro
496,Rio de Janeiro
497,Duque de Caxias
499,Duque de Caxias
500,São Gonçalo
503,Duque de Caxias
1,Rio de Janeiro
2,Rio de Janeiro
3,Rio de Janeiro
4,Nova Iguaçu
5,Belford Roxo
6,São João de Meriti
7,Belford Roxo
8,Rio de Janeiro
9,São Gonçalo
13,São Gonçalo
16,Nova Iguaçu
17,Nova Iguaçu
19,Belford Roxo
24,Rio de Janeiro
25,São Gonçalo
27,Rio de Janeiro
28,Nova Iguaçu
31,Nova Iguaçu
34,Rio de Janeiro
36,Nova Iguaçu
37,Niterói
40,Rio de Janeiro
41,Nova Iguaçu
42,Duque de Caxias
43,Rio de Janeiro
44,Rio de Janeiro
45,Rio de Janeiro
46,Rio de Janeiro
47,Duque de Caxias
48,Rio de Janeiro
50,Duque de Caxias
51,São Gonçalo
52,Belford Roxo
55,Rio de Janeiro
56,Rio de Janeiro
58,Rio de Janeiro
61,Duque de Caxias
64,Rio de Janeiro
66,Rio de Janeiro
67,Duque de Caxias
70,Queimados
74,Nova Iguaçu
76,Rio de Janeiro
77,Rio de Janeiro
79,Rio de Janeiro
80,Rio de Janeiro
81,Rio de Janeiro
82,Rio de Janeiro
83,Belford Roxo
85,São Gonçalo
86,Rio de Janeiro
87,Niterói
88,São Gonçalo
90,Rio de Janeiro
54,Santo André
93,Rio de Janeiro
95,Rio de Janeiro
97,Itaboraí
99,Rio de Janeiro
100,Itaboraí
102,Rio de Janeiro
103,Magé
106,Rio de Janeiro
108,Niterói
110,Rio de Janeiro
111,Rio de Janeiro
112,Belford Roxo
113,São Gonçalo
114,São Gonçalo
116,Rio de Janeiro
118,Rio de Janeiro
120,Rio de Janeiro
121,Rio de Janeiro
122,Rio de Janeiro
124,Nova Iguaçu
125,Rio de Janeiro
126,Rio de Janeiro
129,Rio de Janeiro
132,São Gonçalo
133,São Gonçalo
134,Itaboraí
136,Nova Iguaçu
137,Nova Iguaçu
139,Magé
140,Duque de Caxias
141,Queimados
144,Nova Iguaçu
145,São Gonçalo
147,São Gonçalo
149,Rio de Janeiro
150,Nova Iguaçu
153,Rio de Janeiro
155,Nova Iguaçu
156,São Gonçalo
160,Queimados
161,Queimados
89,São Gonçalo
162,Nova Iguaçu
163,Nova Iguaçu
164,Nova Iguaçu
165,Nova Iguaçu
167,Rio de Janeiro
168,Nova Iguaçu
171,Rio de Janeiro
172,Nova Iguaçu
176,Rio de Janeiro
177,Magé
179,São Gonçalo
183,Rio de Janeiro
186,Rio de Janeiro
188,Queimados
191,Duque de Caxias
193,Rio de Janeiro
194,Duque de Caxias
195,Nova Iguaçu
4894,Rio de Janeiro
4895,Rio de Janeiro
488,Rio de Janeiro
198,São Gonçalo
199,São Gonçalo
202,São Gonçalo
203,Rio de Janeiro
204,Rio de Janeiro
205,Belford Roxo
4268,Rio de Janeiro
4269,Niterói
211,Duque de Caxias
212,Duque de Caxias
213,Queimados
214,Duque de Caxias
216,Rio de Janeiro
217,São Gonçalo
219,São Gonçalo
222,Rio de Janeiro
226,Duque de Caxias
229,Duque de Caxias
230,São Gonçalo
4271,Rio de Janeiro
4272,Queimados
4276,São Gonçalo
232,Rio de Janeiro
233,Rio de Janeiro
234,Duque de Caxias
235,Duque de Caxias
236,Rio de Janeiro
237,Rio de Janeiro
238,Belford Roxo
239,Duque de Caxias
241,Belford Roxo
243,Rio de Janeiro
244,São Gonçalo
246,Duque de Caxias
247,São Gonçalo
248,Duque de Caxias
254,Rio de Janeiro
255,Belford Roxo
256,Duque de Caxias
258,Nova Iguaçu
265,Rio de Janeiro
20,São Gonçalo
123,Nova Iguaçu
346,Rio de Janeiro
347,Rio de Janeiro
348,Rio de Janeiro
349,Rio de Janeiro
350,Rio de Janeiro
351,Rio de Janeiro
352,Rio de Janeiro
353,Rio de Janeiro
355,Rio de Janeiro
356,Rio de Janeiro
358,Rio de Janeiro
359,Rio de Janeiro
361,Rio de Janeiro
364,Rio de Janeiro
367,Rio de Janeiro
371,Niterói
373,Niteroi
374,Rio de Janeiro
375,São Gonçalo
376,Rio de Janeiro
151,São João de Meriti
379,Rio de Janeiro
380,Rio de Janeiro
383,São Gonçalo
384,São Gonçalo
385,Niterói
386,Niterói
388,Rio de Janeiro
389,Rio de Janeiro
391,São Gonçalo
392,São Gonçalo
394,São Gonçalo
395,São Gonçalo
396,Niterói
399,Niterói
401,Niterói
403,Niterói
405,Niterói
407,Niterói
409,Niterói
414,São Gonçalo
84,Rio de Janeiro
417,São Gonçalo
418,Niterói
419,Niterói
420,São Gonçalo
422,Niterói
426,Rio de Janeiro
427,Rio de Janeiro
428,Rio de Janeiro
429,Rio de Janeiro
432,Niterói
433,Rio de Janeiro
435,Rio de Janeiro
438,Nova Iguaçu
442,Rio de Janeiro
443,Rio de Janeiro
444,Rio de Janeiro
445,Niterói
448,Belford Roxo
449,Belford Roxo
451,Rio de Janeiro
452,Rio de Janeiro
914,Rio de Janeiro
916,Rio de Janeiro
917,Rio de Janeiro
919,Rio de Janeiro
920,Belford Roxo
504,Belford Roxo
505,Belford Roxo
4331,São Gonçalo
507,Duque de Caxias
509,Duque de Caxias
512,Duque de Caxias
516,Duque de Caxias
517,Duque de Caxias
518,Duque de Caxias
520,Duque de Caxias
522,Duque de Caxias
523,Belford Roxo
525,São Gonçalo
526,São Gonçalo
527,São Gonçalo
4334,Rio de Janeiro
4336,Rio de Janeiro
534,Rio de Janeiro
537,Duque de Caxias
538,Rio de Janeiro
540,Rio de Janeiro
541,Rio de Janeiro
543,Rio de Janeiro
545,Rio de Janeiro
546,Rio de Janeiro
547,Rio de Janeiro
548,Rio de Janeiro
549,Rio de Janeiro
550,Rio de Janeiro
553,Rio de Janeiro
554,Rio de Janeiro
557,Rio de Janeiro
560,Rio de Janeiro
562,Duque de Caxias
563,Duque de Caxias
567,Duque de Caxias
568,São João de Meriti
4905,Rio de Janeiro
570,São João de Meriti
571,São João de Meriti
573,Belford Roxo
574,Belford Roxo
575,São João de Meriti
578,Belford Roxo
579,Belford Roxo
581,São João de Meriti
584,Nilopolis
585,Rio de Janeiro
587,Rio de Janeiro
588,Rio de Janeiro
589,Rio de Janeiro
590,Rio de Janeiro
592,Rio de Janeiro
596,Duque de Caxias
598,Duque de Caxias
4378,Nova Iguaçu
4380,São Gonçalo
4381,Mesquita
601,Duque de Caxias
602,Duque de Caxias
4382,Nova Iguaçu
605,Duque de Caxias
607,Duque de Caxias
608,Magé
610,Rio de Janeiro
614,Rio de Janeiro
615,Rio de Janeiro
619,Rio de Janeiro
620,Rio de Janeiro
623,Rio de Janeiro
624,Rio de Janeiro
625,Rio de Janeiro
626,Rio de Janeiro
627,Rio de Janeiro
629,Rio de Janeiro
631,Belford Roxo
635,Duque de Caxias
4385,São Gonçalo
4387,Rio de Janeiro
299,Rio de Janeiro
301,Rio de Janeiro
302,Rio de Janeiro
303,Rio de Janeiro
305,Rio de Janeiro
306,Rio de Janeiro
307,Rio de Janeiro
310,Rio de Janeiro
311,Rio de Janeiro
312,Rio de Janeiro
313,Rio de Janeiro
314,Rio de Janeiro
315,Rio de Janeiro
317,Rio de Janeiro
318,Rio de Janeiro
319,Rio de Janeiro
321,Rio de Janeiro
326,São Gonçalo
328,Rio de Janeiro
330,Rio de Janeiro
331,Rio de Janeiro
333,Rio de Janeiro
335,Rio de Janeiro
336,Rio de Janeiro
338,Rio de Janeiro
339,Rio de Janeiro
341,Rio de Janeiro
342,Rio de Janeiro
344,Rio de Janeiro
736,Rio de Janeiro
738,Rio de Janeiro
739,Rio de Janeiro
740,Duque de Caxias
741,Duque de Caxias
742,Magé
743,Duque de Caxias
744,São Gonçalo
747,Duque de Caxias
750,Rio de Janeiro
753,Duque de Caxias
755,Duque de Caxias
757,Rio de Janeiro
758,Rio de Janeiro
759,Rio de Janeiro
762,Duque de Caxias
766,Rio de Janeiro
767,Rio de Janeiro
769,Magé
770,Rio de Janeiro
772,Rio de Janeiro
775,Duque de Caxias
777,Nova Iguaçu
778,São Gonçalo
779,São Gonçalo
781,Duque de Caxias
4338,Rio de Janeiro
4339,Rio de Janeiro
786,Duque de Caxias
787,Duque de Caxias
4341,Rio de Janeiro
4344,Nova Iguaçu
4345,Magé
754,Duque de Caxias
790,Paraíba do Sul
791,São Gonçalo
792,Duque de Caxias
4346,São Gonçalo
4347,Rio de Janeiro
798,Duque de Caxias
800,Rio de Janeiro
802,Rio de Janeiro
805,Rio de Janeiro
807,Rio de Janeiro
808,Rio de Janeiro
924,Belford Roxo
925,Nilopolis
926,Rio de Janeiro
927,Rio de Janeiro
929,Rio de Janeiro
930,Rio de Janeiro
932,Rio de Janeiro
4348,Niterói
4352,Belford Roxo
934,Rio de Janeiro
935,Rio de Janeiro
937,Rio de Janeiro
939,Rio de Janeiro
941,Duque de Caxias
942,Duque de Caxias
944,Duque de Caxias
945,Duque de Caxias
946,Rio de Janeiro
951,Rio de Janeiro
954,Rio de Janeiro
956,Rio de Janeiro
957,Rio de Janeiro
958,Rio de Janeiro
959,Rio de Janeiro
961,Rio de Janeiro
963,Rio de Janeiro
964,Rio de Janeiro
967,Rio de Janeiro
783,Duque de Caxias
968,Rio de Janeiro
973,Rio de Janeiro
975,Rio de Janeiro
976,Rio de Janeiro
977,Rio de Janeiro
980,Magé
983,Magé
4354,São Gonçalo
988,Duque de Caxias
989,Magé
990,Magé
992,Niterói
994,Duque de Caxias
997,Niterói
999,Niterói
1000,Rio de Janeiro
1002,Duque de Caxias
1003,Magé
4357,Nova Iguaçu
4358,Rio de Janeiro
4359,Mangaratiba
595,Rio de Janeiro
1004,Duque de Caxias
1007,Rio de Janeiro
1008,Niterói
1010,Duque de Caxias
1012,Rio de Janeiro
1013,Rio de Janeiro
1015,Rio de Janeiro
1020,Rio de Janeiro
1021,Rio de Janeiro
1022,Rio de Janeiro
1025,Rio de Janeiro
1026,São Gonçalo
1032,Rio de Janeiro
1034,Rio de Janeiro
1036,Rio de Janeiro
1037,Rio de Janeiro
1039,Itaboraí
1040,Duque de Caxias
1041,Duque de Caxias
4908,Niterói
322,Rio de Janeiro
1044,Duque de Caxias
4361,Rio de Janeiro
1047,Duque de Caxias
1048,Duque de Caxias
1049,Rio de Janeiro
1053,Rio de Janeiro
1054,Rio de Janeiro
1055,Rio de Janeiro
1056,Rio de Janeiro
4362,Rio de Janeiro
1059,Duque de Caxias
1062,Rio de Janeiro
1063,Rio de Janeiro
1065,Rio de Janeiro
4364,Rio de Janeiro
1069,Duque de Caxias
1071,Rio de Janeiro
1072,São Gonçalo
810,São Gonçalo
4366,Nilopolis
4367,Rio de Janeiro
4368,Rio de Janeiro
812,São Gonçalo
813,Rio de Janeiro
814,Rio de Janeiro
815,Rio de Janeiro
816,Rio de Janeiro
818,Rio de Janeiro
819,Rio de Janeiro
822,Rio de Janeiro
823,Duque de Caxias
826,Rio de Janeiro
827,Rio de Janeiro
831,Rio de Janeiro
832,Rio de Janeiro
833,Rio de Janeiro
835,Rio de Janeiro
837,Rio de Janeiro
839,Rio de Janeiro
840,Rio de Janeiro
842,São João de Meriti
960,Rio de Janeiro
846,Rio de Janeiro
847,Niterói
848,São Gonçalo
849,Itaboraí
851,Niterói
852,São Gonçalo
853,São Gonçalo
854,São Gonçalo
855,Duque de Caxias
856,São Gonçalo
859,Duque de Caxias
860,Rio de Janeiro
861,São João de Meriti
864,São Gonçalo
865,Rio de Janeiro
869,Rio de Janeiro
871,Duque de Caxias
872,Niterói
875,São João de Meriti
530,Duque de Caxias
879,Belford Roxo
4375,Duque de Caxias
883,Rio de Janeiro
884,Rio de Janeiro
886,Rio de Janeiro
888,Rio de Janeiro
892,Rio de Janeiro
893,Rio de Janeiro
894,Itaboraí
895,Niterói
897,Campina Grande
899,São Gonçalo
903,São Gonçalo
905,Rio de Janeiro
907,Belford Roxo
911,Belford Roxo
913,Rio de Janeiro
4371,Duque de Caxias
4373,Nova Iguaçu
4374,Duque de Caxias
776,São João de Meriti
1459,São Gonçalo
1462,Niterói
1465,Duque de Caxias
1468,Rio de Janeiro
1469,São Gonçalo
1471,Rio de Janeiro
1473,São Gonçalo
1474,Rio de Janeiro
1476,Rio de Janeiro
1477,Magé
1478,Duque de Caxias
1480,Rio de Janeiro
1483,Rio de Janeiro
1484,Magé
1485,Niterói
1486,Niterói
1488,Niterói
1491,Rio de Janeiro
1492,Rio de Janeiro
1493,Rio de Janeiro
1494,Rio de Janeiro
1496,Rio de Janeiro
1497,Rio de Janeiro
1498,Rio de Janeiro
1499,Rio de Janeiro
1501,Niterói
1502,Rio de Janeiro
1505,São Gonçalo
1507,São Gonçalo
1509,São Gonçalo
1510,Duque de Caxias
1512,Niterói
1514,Niterói
1515,Rio de Janeiro
1518,Rio de Janeiro
1519,Rio de Janeiro
1520,São Gonçalo
1521,Rio de Janeiro
1073,Rio de Janeiro
1074,Belford Roxo
1076,Rio de Janeiro
1077,Niterói
1082,Duque de Caxias
1083,Duque de Caxias
1084,São Paulo
1085,São Paulo
1086,São Gonçalo
1087,São Gonçalo
1091,São Gonçalo
1092,Rio de Janeiro
1094,São Gonçalo
1095,São Gonçalo
1097,Itaboraí
1099,Rio de Janeiro
1101,Rio de Janeiro
1102,Duque de Caxias
1105,São Gonçalo
1110,São Gonçalo
1111,São Gonçalo
1113,São Gonçalo
1114,São Gonçalo
1116,Duque de Caxias
1118,São Gonçalo
1119,Itaboraí
1120,Rio de Janeiro
1121,Duque de Caxias
1123,Duque de Caxias
1124,Rio de Janeiro
1127,São Gonçalo
1128,São Gonçalo
1130,São Gonçalo
1131,São Gonçalo
1134,Rio de Janeiro
1137,Duque de Caxias
4557,São Gonçalo
1140,São Gonçalo
1144,Rio de Janeiro
1145,São Gonçalo
1149,Rio de Janeiro
1150,Rio de Janeiro
1152,Rio de Janeiro
1154,Rio de Janeiro
1155,Rio de Janeiro
1159,São Gonçalo
4558,São João de Meriti
4559,São Gonçalo
4561,São Gonçalo
4562,Rio de Janeiro
4402,Nova Iguaçu
638,Duque de Caxias
639,Duque de Caxias
641,Duque de Caxias
642,Duque de Caxias
644,Duque de Caxias
645,Belford Roxo
647,Belford Roxo
650,Rio de Janeiro
653,Niterói
654,Rio de Janeiro
656,Niterói
657,Niterói
658,Rio de Janeiro
659,Rio de Janeiro
662,Rio de Janeiro
663,Rio de Janeiro
4404,Nova Iguaçu
4406,Rio de Janeiro
4407,Japeri
4408,Nova Iguaçu
668,Duque de Caxias
671,São Gonçalo
672,São Gonçalo
673,São Gonçalo
678,Rio de Janeiro
682,Rio de Janeiro
684,Rio de Janeiro
685,Rio de Janeiro
687,Rio de Janeiro
689,Rio de Janeiro
691,Rio de Janeiro
693,Rio de Janeiro
694,Rio de Janeiro
696,Rio de Janeiro
698,Belford Roxo
699,São João de Meriti
701,Rio de Janeiro
702,Rio de Janeiro
4901,Rio de Janeiro
4902,Rio de Janeiro
1081,Rio de Janeiro
704,Duque de Caxias
707,Rio de Janeiro
709,Rio de Janeiro
710,Duque de Caxias
712,Itaboraí
713,Rio de Janeiro
717,Niterói
719,Niterói
720,Niterói
722,Niterói
724,Niterói
726,Niterói
731,Rio de Janeiro
733,Rio de Janeiro
735,São João de Meriti
1320,São João de Meriti
4389,DUQUE DE CAXIAS
1322,Duque de Caxias
1323,Duque de Caxias
4391,São Gonçalo
697,Rio de Janeiro
1324,Rio de Janeiro
1326,Magé
1327,São Paulo
1328,Rio de Janeiro
1329,Rio de Janeiro
1330,Queimados
1332,Rio de Janeiro
1334,São Gonçalo
4896,Niterói
1337,Duque de Caxias
1338,Rio de Janeiro
1341,Rio de Janeiro
1343,São Gonçalo
1347,Duque de Caxias
1351,Duque de Caxias
1354,Duque de Caxias
1355,Niterói
1356,São Gonçalo
1360,Rio de Janeiro
1361,Belford Roxo
4898,Rio de Janeiro
700,Rio de Janeiro
1362,Belford Roxo
1363,São Gonçalo
1364,São Gonçalo
1365,Belford Roxo
1366,Belford Roxo
1370,Duque de Caxias
1372,Campos dos Goytacazes
1375,Belford Roxo
1376,Duque de Caxias
1377,São Gonçalo
1378,São Gonçalo
1379,Duque de Caxias
1382,São João de Meriti
1383,São Gonçalo
1390,São Gonçalo
1392,DUQUE DE CAXIAS
1393,Belford Roxo
1394,São Gonçalo
1396,Duque de Caxias
4566,São Gonçalo
4568,Rio de Janeiro
1319,Rio de Janeiro
1399,Nova Iguaçu
1524,Duque de Caxias
1525,Duque de Caxias
1526,Duque de Caxias
1528,São Gonçalo
4396,Duque de Caxias
1531,Rio de Janeiro
1533,Rio de Janeiro
1534,Rio de Janeiro
1536,Niterói
1538,Duque de Caxias
1539,Duque de Caxias
1540,Rio de Janeiro
1544,Rio de Janeiro
1551,São Gonçalo
1554,Duque de Caxias
1555,Duque de Caxias
1556,Rio de Janeiro
1557,Itaboraí
4399,Duque de Caxias
4400,Niterói
1161,Rio de Janeiro
1558,Niterói
1560,São Gonçalo
1561,São Gonçalo
1562,Magé
1563,Niterói
1565,São Gonçalo
1566,São Gonçalo
1567,Rio de Janeiro
1568,Rio de Janeiro
1570,Rio de Janeiro
1572,Rio de Janeiro
1573,Rio de Janeiro
1576,Rio de Janeiro
1577,Rio de Janeiro
1581,Rio de Janeiro
1583,Rio de Janeiro
1585,Rio de Janeiro
1589,Rio de Janeiro
1591,Rio de Janeiro
664,Rio de Janeiro
4471,Nova Iguaçu
1348,Duque de Caxias
1594,Japeri
1596,Duque de Caxias
1597,Rio de Janeiro
1598,Rio de Janeiro
1599,Rio de Janeiro
1601,Japeri
1602,Nova Iguaçu
1604,Belford Roxo
1605,Rio de Janeiro
1606,Nova Iguaçu
1607,Rio de Janeiro
1609,Rio de Janeiro
1610,Rio de Janeiro
1611,Rio de Janeiro
1613,Queimados
1614,Rio de Janeiro
1618,Rio de Janeiro
1619,Rio de Janeiro
1623,Rio de Janeiro
1624,São Gonçalo
1625,Rio de Janeiro
1627,São Gonçalo
1628,Rio de Janeiro
1630,São Gonçalo
1632,São Gonçalo
1633,São Gonçalo
1635,Nova Iguaçu
1637,Nova Iguaçu
1638,Nova Iguaçu
1640,Rio de Janeiro
1641,Rio de Janeiro
1642,São Gonçalo
1643,Nova Iguaçu
1647,Rio de Janeiro
1648,Rio de Janeiro
1650,Rio de Janeiro
1652,Nova Iguaçu
1653,Rio de Janeiro
1654,Rio de Janeiro
1657,Nova Iguaçu
1658,Duque de Caxias
1660,Belford Roxo
1662,Duque de Caxias
1663,Itaguaí
1665,Rio de Janeiro
1667,Belford Roxo
1668,Duque de Caxias
1489,São Gonçalo
1670,Duque de Caxias
1671,Belford Roxo
1672,Belford Roxo
1673,Belford Roxo
1675,Rio de Janeiro
1401,São Gonçalo
1402,Duque de Caxias
1403,Rio de Janeiro
1406,Rio de Janeiro
1409,Belford Roxo
1410,São Gonçalo
1411,São Gonçalo
1413,Duque de Caxias
1414,Rio de Janeiro
1417,Rio de Janeiro
1419,Rio de Janeiro
1422,Rio de Janeiro
1423,Rio de Janeiro
4549,Rio de Janeiro
1427,Rio de Janeiro
1428,Rio de Janeiro
1429,Rio de Janeiro
1433,São Gonçalo
1436,Rio de Janeiro
1438,Rio de Janeiro
1441,Niterói
1442,Niterói
1443,Rio de Janeiro
1444,Rio de Janeiro
1447,Duque de Caxias
1448,São Gonçalo
1449,São Gonçalo
1450,São Gonçalo
1455,Rio de Janeiro
1456,Rio de Janeiro
4554,Rio de Janeiro
4555,Japeri
728,Niterói
1999,Itaguaí
2000,Rio de Janeiro
2002,Duque de Caxias
2003,Rio de Janeiro
2004,Rio de Janeiro
2008,Rio de Janeiro
2009,Rio de Janeiro
2010,Duque de Caxias
2014,Rio de Janeiro
2016,Mesquita
2018,Rio de Janeiro
2019,São João de Meriti
2020,Rio de Janeiro
2022,Rio de Janeiro
2023,Cabo Frio
2024,Cabo Frio
2029,Rio de Janeiro
4287,Nova Iguaçu
2032,Duque de Caxias
4288,Rio de Janeiro
4290,Mangaratiba
4291,Mangaratiba
2036,Rio de Janeiro
2037,Rio de Janeiro
2038,Belford Roxo
2039,Duque de Caxias
2040,Rio de Janeiro
2041,Rio de Janeiro
2043,Petrópolis
2046,Niterói
2048,Rio de Janeiro
2049,Rio de Janeiro
2053,Petrópolis
2055,Rio de Janeiro
2056,Rio de Janeiro
2059,Duque de Caxias
2061,Rio de Janeiro
2063,Rio de Janeiro
2064,Cabo Frio
2066,Magé
4313,Rio de Janeiro
2070,Duque de Caxias
4847,Rio de Janeiro
2071,Duque de Caxias
2073,Magé
2074,Magé
2075,Nilopolis
2076,Magé
2077,Magé
2078,Duque de Caxias
2079,Duque de Caxias
2080,Rio de Janeiro
2081,Rio de Janeiro
2083,Magé
2084,Petrópolis
2088,Rio de Janeiro
2090,Rio de Janeiro
2095,Queimados
4495,Belford Roxo
2099,Duque de Caxias
2100,Rio de Janeiro
2101,Rio de Janeiro
2103,Rio de Janeiro
4916,Teresópolis
1621,São Gonçalo
2107,Nova Iguaçu
2108,Rio de Janeiro
2109,Duque de Caxias
1679,Duque de Caxias
1680,Rio de Janeiro
1681,São Gonçalo
1682,Nova Iguaçu
1683,Duque de Caxias
1684,Duque de Caxias
1685,Nova Iguaçu
1686,Nova Iguaçu
1688,Mesquita
2087,Rio de Janeiro
1693,Duque de Caxias
1697,Nova Iguaçu
1700,Nova Iguaçu
1701,Nova Iguaçu
1704,Nova Iguaçu
1705,Duque de Caxias
1706,Japeri
1707,Guapimirim
1163,São Gonçalo
1164,Rio de Janeiro
1165,Rio de Janeiro
1167,Rio de Janeiro
1168,Rio de Janeiro
1169,Magé
1170,São Gonçalo
1172,Rio de Janeiro
1173,Rio de Janeiro
1175,Rio de Janeiro
1177,Itaboraí
1178,São Gonçalo
1180,Rio de Janeiro
1182,Rio de Janeiro
1185,Rio de Janeiro
1187,Queimados
1188,Mesquita
1190,Rio de Janeiro
1193,São Gonçalo
1195,Rio de Janeiro
1197,Rio de Janeiro
1412,São Gonçalo
1200,São João de Meriti
1201,Rio de Janeiro
1202,São Gonçalo
1203,Niterói
1204,Duque de Caxias
1205,Rio de Janeiro
1206,Rio de Janeiro
1416,São Gonçalo
1208,Duque de Caxias
1210,Nova Iguaçu
1211,Mesquita
1212,Queimados
1220,São Gonçalo
1221,Rio de Janeiro
1222,Rio de Janeiro
1224,Rio de Janeiro
1227,São Gonçalo
1231,Nova Iguaçu
1232,Duque de Caxias
1233,Duque de Caxias
1234,Rio de Janeiro
1420,Rio de Janeiro
1238,Rio de Janeiro
1239,Nova Iguaçu
1240,Rio de Janeiro
1241,Rio de Janeiro
1242,Duque de Caxias
1243,Rio de Janeiro
1244,Rio de Janeiro
1245,Nova Iguaçu
1246,Nova Iguaçu
1247,São João de Meriti
1248,Rio de Janeiro
1251,Rio de Janeiro
1253,São Gonçalo
4706,Rio de Janeiro
1259,Niterói
1260,Niterói
1261,Duque de Caxias
1265,Rio de Janeiro
1266,Rio de Janeiro
1271,São Gonçalo
1445,Rio de Janeiro
1451,São Gonçalo
1272,Rio de Janeiro
1273,Duque de Caxias
1276,Rio de Janeiro
1278,Duque de Caxias
1279,Nova Iguaçu
1280,Nova Iguaçu
1281,Rio de Janeiro
1284,Belford Roxo
1287,Rio de Janeiro
1288,Rio de Janeiro
4317,Nilopolis
1295,Duque de Caxias
1298,Duque de Caxias
1299,Rio de Janeiro
1301,Rio de Janeiro
1304,São Gonçalo
1305,São Gonçalo
1306,Rio de Janeiro
4320,Duque de Caxias
4322,Rio de Janeiro
2067,Rio de Janeiro
1308,Rio de Janeiro
1309,Rio de Janeiro
1313,Rio de Janeiro
1316,Duque de Caxias
1318,Niterói
1919,São Gonçalo
1920,São Gonçalo
1921,São Gonçalo
1922,São Gonçalo
1926,Belford Roxo
1927,Duque de Caxias
1928,Rio de Janeiro
1933,Rio de Janeiro
1934,Rio de Janeiro
1936,Duque de Caxias
1937,Rio de Janeiro
1938,Belford Roxo
1942,Duque de Caxias
1943,Duque de Caxias
4326,Duque de Caxias
4328,Argentina
4329,Rio de Janeiro
1944,São Gonçalo
1358,Rio de Janeiro
1948,Rio de Janeiro
1949,Rio de Janeiro
1950,Rio de Janeiro
1952,Itaboraí
1955,São Gonçalo
1957,Niterói
1959,São João de Meriti
1960,Rio de Janeiro
1961,Argentina
1962,Rio de Janeiro
1963,Rio de Janeiro
1964,Duque de Caxias
1965,Nilopolis
1968,Duque de Caxias
1970,Rio de Janeiro
1972,Rio de Janeiro
1973,Rio de Janeiro
1974,Rio de Janeiro
1976,Rio de Janeiro
1388,São Gonçalo
1979,Rio de Janeiro
1982,Rio de Janeiro
1983,Nilopolis
1984,Rio de Janeiro
1985,Rio de Janeiro
1986,Rio de Janeiro
1988,Rio de Janeiro
1989,Rio de Janeiro
1992,Rio de Janeiro
1995,Nilopolis
4293,Mangaratiba
2113,Magé
2115,Queimados
2116,Mage
2118,Nilopolis
2120,Rio de Janeiro
2121,Rio de Janeiro
4294,Mangaratiba
2123,Duque de Caxias
4296,Mangaratiba
4300,Itaguaí
4301,Nova Iguaçu
2124,Queimados
2125,Queimados
2127,Rio de Janeiro
2129,Nova Iguaçu
4302,Duque de Caxias
2136,Duque de Caxias
2138,Queimados
2139,Queimados
2141,Rio de Janeiro
2142,Duque de Caxias
2144,Queimados
2147,Rio de Janeiro
2148,Duque de Caxias
2149,Rio de Janeiro
2150,Duque de Caxias
2152,Nova Iguacu
2153,Rio de Janeiro
2157,Rio de Janeiro
4305,Itaguaí
4306,Itaguaí
1541,Rio de Janeiro
2160,Duque de Caxias
2161,Duque de Caxias
2163,São Gonçalo
2165,São João de Meriti
2166,Belford Roxo
2168,Rio de Janeiro
4310,Rio de Janeiro
2170,Duque de Caxias
2174,Duque de Caxias
2175,Itaboraí
2176,Itaboraí
2178,Itaboraí
2181,Rio de Janeiro
2182,Rio de Janeiro
2184,Barra Mansa
2185,Barra Mansa
2186,Volta Redonda
2190,Barra Mansa
2192,Barra Mansa
4311,Nova Iguaçu
4312,Rio de Janeiro
1571,Rio de Janeiro
2194,Magé
2195,Volta Redonda
2198,Pinheiral
2199,Volta Redonda
2201,Volta Redonda
2202,Pinheiral
2203,Pinheiral
2205,Barra Mansa
2206,Barra Mansa
2208,Barra Mansa
2212,Barra Mansa
2216,Barra Mansa
2217,Volta Redonda
2219,São Gonçalo
2220,Volta Redonda
2222,Volta Redonda
2225,Rio de Janeiro
2226,Magé
2228,São João de Meriti
2229,Itaboraí
1574,Rio de Janeiro
1586,Rio de Janeiro
2231,São Gonçalo
2233,Rio de Janeiro
2235,Duque de Caxias
2236,Duque de Caxias
2237,Irati
2238,São Gonçalo
2239,São Gonçalo
2241,São Gonçalo
2243,Itaboraí
2246,Rio de Janeiro
4571,Rio de Janeiro
2248,São João de Meriti
2250,Rio de Janeiro
2253,São João de Meriti
2255,Itaboraí
2256,São Gonçalo
2260,Araruama
1996,Rio de Janeiro
1997,Rio de Janeiro
1998,Rio de Janeiro
4573,Nova Iguaçu
2792,Petrópolis
2793,Volta Redonda
2795,São Gonçalo
2796,Nilopolis
2797,Rio de Janeiro
2798,Rio de Janeiro
2800,Duque de Caxias
2801,Resende
2803,Rio de Janeiro
2807,Saquarema
2808,Guapimirim
2809,Magé
2812,Duque de Caxias
2813,Nilopolis
2814,Rio de Janeiro
2815,Nova Iguaçu
2816,Nova Iguaçu
2817,Nova Iguaçu
2818,Nova Iguaçu
2819,Nova Iguaçu
2821,Nova Iguaçu
2824,Nova Iguaçu
2825,Nova Iguaçu
2827,Guapimirim
2829,Niterói
2831,Nova Iguaçu
2833,Nova Iguaçu
2835,Nova Iguaçu
2836,Nova Iguaçu
2838,Nova Iguaçu
2840,Nilópolis
2841,São João de Meriti
2571,Rio de Janeiro
2574,Rio de Janeiro
2575,Rio de Janeiro
2576,Maricá
2577,Rio de Janeiro
2578,Nova Iguaçu
2579,Rio de Janeiro
2582,Rio de Janeiro
2583,Niterói
2588,Niterói
2590,São Gonçalo
2592,Rio de Janeiro
2594,Rio de Janeiro
2597,Maricá
2598,São Gonçalo
2599,Rio de Janeiro
2600,Rio de Janeiro
2603,Rio de Janeiro
2604,Rio de Janeiro
2606,São Gonçalo
2607,Rio de Janeiro
2610,Niterói
2612,Belford Roxo
2613,Rio de Janeiro
2614,Rio de Janeiro
2617,Rio de Janeiro
2619,Rio de Janeiro
2621,Rio de Janeiro
2623,Rio de Janeiro
2624,Rio de Janeiro
2625,Rio de Janeiro
2627,Rio de Janeiro
2629,Rio de Janeiro
2631,Rio de Janeiro
2633,Duque de Caxias
2634,Rio de Janeiro
2637,Rio de Janeiro
2639,Niterói
2640,Rio de Janeiro
2641,São João de Meriti
2642,São João de Meriti
2644,São Gonçalo
2645,São João de Meriti
2646,Rio de Janeiro
2648,São Gonçalo
2650,São João de Meriti
2652,Rio de Janeiro
2653,São João de Meriti
2654,Rio de Janeiro
2655,Rio de Janeiro
2656,Duque de Caxias
2657,São Gonçalo
2663,Belford Roxo
1709,São João de Meriti
1710,Nova Iguaçu
1711,Nova Iguaçu
1713,Nova Iguaçu
1714,Duque de Caxias
1715,Nova Iguaçu
1716,Duque de Caxias
1717,Nilopolis
1718,Nova Iguaçu
1720,Belford Roxo
1721,Nova Iguaçu
1722,Japeri
1723,Nova Iguaçu
1724,Duque de Caxias
1726,Rio de Janeiro
1730,Rio de Janeiro
1733,Belford Roxo
2586,São Gonçalo
1735,Duque de Caxias
1737,Nova Iguaçu
1738,Nova Iguaçu
1741,Rio de Janeiro
1742,Rio de Janeiro
1744,Nova Iguaçu
1745,Nova Iguaçu
1747,Nova Iguaçu
1748,Duque de Caxias
1749,Duque de Caxias
1750,Rio de Janeiro
1752,Nova Iguaçu
1755,Rio de Janeiro
1757,São João de Meriti
1758,Nova Iguaçu
1759,Nova Iguaçu
1761,Duque de Caxias
1763,Taquari
1764,Magé
1765,Rio de Janeiro
1766,Nova Iguaçu
1767,Nilopolis
1768,Nova Iguaçu
1771,Rio de Janeiro
1778,Rio de Janeiro
1779,Nova Iguaçu
1782,Rio de Janeiro
1783,Rio de Janeiro
1784,Rio de Janeiro
1785,Nova Iguaçu
1787,Queimados
1788,Nilopolis
1790,Rio de Janeiro
1791,Rio de Janeiro
1792,Rio de Janeiro
1795,Nova Iguaçu
1797,São Gonçalo
1798,Mesquita
1799,São Gonçalo
1800,São Gonçalo
1801,Nova Iguaçu
1805,Nova Iguaçu
1807,São Gonçalo
1808,São Gonçalo
1809,Nova Iguaçu
1813,Nova Iguaçu
1772,Belford Roxo
1816,Rio de Janeiro
1817,Rio de Janeiro
1819,Nova Iguaçu
1821,Belford Roxo
1823,Nova Iguaçu
1826,Niterói
1828,Rio de Janeiro
1830,São Gonçalo
1831,São Gonçalo
1832,Rio de Janeiro
1833,São Gonçalo
1834,Rio de Janeiro
1836,Rio de Janeiro
1838,Rio de Janeiro
1840,São Gonçalo
1841,Rio de Janeiro
1842,Rio de Janeiro
1844,São Gonçalo
1847,Rio de Janeiro
1848,Rio de Janeiro
1849,Rio de Janeiro
1852,Rio de Janeiro
1853,Nova Iguaçu
1855,São Gonçalo
1856,São Gonçalo
1858,São Gonçalo
1859,Nova Iguaçu
1861,Nova Iguaçu
1865,Rio de Janeiro
1867,Seropédica
1868,Nova Iguaçu
1869,Rio de Janeiro
1871,Rio de Janeiro
1872,Rio de Janeiro
1873,São Gonçalo
1875,Nova Iguaçu
1878,Mage
1879,Rio de Janeiro
1881,Nova Iguaçu
1883,Rio de Janeiro
1884,Rio de Janeiro
1885,Nova Iguaçu
1887,Rio de Janeiro
1888,Mesquita
1889,Mesquita
1892,Nova Iguaçu
1894,Nova Iguaçu
1895,Queimados
1898,Nova Iguaçu
1899,Rio de Janeiro
1901,São João de Meriti
1902,MIGUEL PEREIRA
1904,Nova Iguaçu
1905,Nova Iguaçu
1906,Rio de Janeiro
1907,São Gonçalo
1908,Rio de Janeiro
1909,São Gonçalo
1915,Nova Iguaçu
1918,São Gonçalo
2494,Rio de Janeiro
2495,Rio de Janeiro
2497,São João de Meriti
2499,Rio de Janeiro
2622,Rio de Janeiro
2501,Rio de Janeiro
2502,NOVA IGUACU
2503,Rio de Janeiro
2505,Rio de Janeiro
2506,Rio de Janeiro
2508,Rio de Janeiro
2511,São Gonçalo
2512,Rio de Janeiro
2514,Rio de Janeiro
2515,Sao Goncalo
2517,Rio de Janeiro
2518,São Gonçalo
2519,Nova Iguaçu
2524,São Gonçalo
2525,Rio de Janeiro
2526,Rio de Janeiro
2529,Rio de Janeiro
2530,São Gonçalo
2532,Niterói
2533,Rio de Janeiro
1725,Belford Roxo
2534,Rio de Janeiro
2535,Nova Iguaçu
2536,Nova Iguaçu
2537,Nova Iguaçu
2538,Rio de Janeiro
2539,Maricá
2540,Niterói
2541,Rio de Janeiro
2542,Carmo
2543,Rio de Janeiro
2545,Rio de Janeiro
2546,Guarapuava
2549,Rio de Janeiro
2554,Nova Iguaçu
2557,Itaboraí
2559,São Gonçalo
2562,Duque de Caxias
2564,Rio de Janeiro
2565,São Gonçalo
2566,São João de Meriti
2570,São Gonçalo
1732,Seropédica
2692,Rio de Janeiro
2693,Rio de Janeiro
2695,Rio de Janeiro
2696,Rio de Janeiro
2697,São Gonçalo
2699,Rio de Janeiro
2700,Teresopolis
2701,Rio de Janeiro
2702,Guapimirim
2703,Guapimirim
2706,São Gonçalo
2708,Itaborai
2709,Rio Bonito
2713,Rio Bonito
2715,Rio de Janeiro
2716,São Gonçalo
2717,Tanguá
2719,Rio de Janeiro
2720,Sao Goncalo
2722,São Gonçalo
2724,Rio de Janeiro
1804,São Gonçalo
2725,Valença
2727,Magé
2728,Rio de Janeiro
2730,Barra do Piraí
2731,Rio de Janeiro
2732,Mage
2733,Rio de Janeiro
2734,Barra Mansa
2735,Duque de Caxias
2736,Niterói
2738,Teresópolis
2739,Teresópolis
2742,São Gonçalo
2743,Rio de Janeiro
2746,Magé
2749,Petrópolis
2752,Barra Mansa
2753,Magé
2823,Nova Iguaçu
2756,São Gonçalo
4691,Rio de Janeiro
2760,Rio de Janeiro
2761,Rio de Janeiro
2762,Santa Terezinha de Itaipu
2764,Magé
2765,Petrópolis
2767,Petrópolis
2768,Petrópolis
2769,Magé
2770,Magé
2771,Santos
2772,Rio de Janeiro
2773,Itaboraí
2774,São Gonçalo
2775,São Gonçalo
2776,Niterói
2777,Rio de Janeiro
2779,Maricá
2782,Volta Redonda
2784,Nilopolis
2789,Duque de Caxias
2790,Petrópolis
3327,Rio de Janeiro
3328,Volta Redonda
3329,Rio de Janeiro
3331,Teresópolis
3332,Rio de Janeiro
3333,Rio de Janeiro
3334,Rio de Janeiro
3336,Macae
3337,Rio de Janeiro
3338,São João de Meriti
3340,Itaguaí
3343,Mesquita
3347,Rio de Janeiro
3348,Nova Friburgo
3350,Itaboraí
3351,Rio de Janeiro
3353,Rio de Janeiro
3356,Rio de Janeiro
3357,Mangaratiba
3359,Rio Bonito
4912,Niterói
3360,Rio de Janeiro
3361,Magé
3362,Rio de Janeiro
3363,Buri
3364,Mococa
3366,Nova Iguaçu
3368,Nova Iguaçu
3369,Nova Iguaçu
3370,Nova Iguaçu
3372,Niterói
3374,Maceió
3376,São Gonçalo
4913,Niterói
3378,Duque de Caxias
3382,Duque de Caxias
3383,Duque de Caxias
3385,Duque de Caxias
3388,Rio de Janeiro
3389,Duque de Caxias
3390,Trindade
4914,Niterói
3393,Rio de Janeiro
3394,Rio de Janeiro
3395,Rio de Janeiro
3396,Magé
3397,Rio de Janeiro
3399,Maricá
3400,Itaboraí
3401,Itaboraí
3402,Itaboraí
3403,Itaboraí
3405,Volta Redonda
3407,Volta Redonda
3409,Itaboraí
3412,São João de Meriti
3413,São João de Meriti
3414,Itaboraí
3416,Itaboraí
3417,Itaboraí
3419,Duque de Caxias
3422,Petrópolis
3424,Petrópolis
3159,Pinheiral
3160,São Gonçalo
3161,São Gonçalo
3164,Valença
3165,Lages
3166,Barra do Piraí
3167,Rio de Janeiro
3168,Valença
3169,Valença
3171,Valença
3172,Valença
3173,Valença
3174,Valença
3176,Teresópolis
3177,Rio de Janeiro
3179,Rio de Janeiro
3181,Teresópolis
3184,Rio de Janeiro
3185,Niterói
3190,Rio Bonito
3191,Praia Grande
2664,Duque de Caxias
2665,São João de Meriti
2666,São João de Meriti
4543,Rio de Janeiro
2671,Rio de Janeiro
2673,Teresópolis
2675,Belford Roxo
2677,São Gonçalo
2678,São Gonçalo
2680,Rio de Janeiro
2681,Duque de Caxias
2683,Duque de Caxias
2684,Duque de Caxias
2685,Rio de Janeiro
2690,São João de Meriti
2262,Itaboraí
2263,São Gonçalo
2265,Belford Roxo
4544,Rio de Janeiro
4546,Rio de Janeiro
3188,Rio de Janeiro
2267,Belford Roxo
2268,São João de Meriti
2269,São Gonçalo
2270,São Gonçalo
2274,São Gonçalo
2275,Itaboraí
2276,Rio de Janeiro
2278,São Gonçalo
2279,Rio de Janeiro
2280,Rio de Janeiro
2282,Itaboraí
2285,Rio de Janeiro
2288,SAO GONCALO
2289,São Gonçalo
2290,Rio de Janeiro
2291,Rio de Janeiro
2293,Niterói
2295,Rio de Janeiro
2296,São João de Meriti
2297,Itaboraí
2300,São Gonçalo
2301,Rio de Janeiro
2303,Rio de Janeiro
2304,Duque de Caxias
2305,São João de Meriti
2307,Nova Iguaçu
2308,Mesquita
2309,Mesquita
2312,Rio de Janeiro
2314,Resende
2315,Nilopolis
2316,Rio de Janeiro
2317,Mesquita
2318,Rio de Janeiro
2319,Rio de Janeiro
2322,Magé
2323,Mesquita
2325,Nova Iguaçu
2329,Rio de Janeiro
2331,Mesquita
2333,Rio de Janeiro
2334,Rio de Janeiro
2335,Duque de Caxias
2336,Duque de Caxias
2337,Nova Iguaçu
2338,Rio de Janeiro
2339,Rio de Janeiro
4910,Bebedouro
2343,São João de Meriti
2344,São Gonçalo
2346,Três Rios
2347,Itaguaí
2349,NITEROI
2351,São Gonçalo
2353,Nova Iguacu
2356,São Gonçalo
2358,Rio de Janeiro
2361,Nilópolis
2364,São Gonçalo
2365,Rio de Janeiro
2367,Rio de Janeiro
2299,Rio de Janeiro
2369,Rio de Janeiro
2370,Rio de Janeiro
2371,São Gonçalo
2372,Belford Roxo
2373,Volta Redonda
2374,-
2375,Rio de Janeiro
2376,Rio de Janeiro
2377,Rio de Janeiro
2378,DUQUE DE CAXIAS
2379,Rio de Janeiro
2381,Rio de Janeiro
2382,Barra Mansa
2387,Volta Redonda
2388,Barra Mansa
2390,Rio de Janeiro
2393,Rio de Janeiro
2395,Rio de Janeiro
2396,Itaguaí
2401,Barra Mansa
2402,Barra Mansa
2366,Volta Redonda
2404,Barra Mansa
2405,Barra Mansa
2407,Barra Mansa
2408,Barra Mansa
2410,Barra Mansa
2411,Barra Mansa
2412,Barra Mansa
2414,Barra Mansa
2415,Barra Mansa
2416,Barra Mansa
2417,Barra Mansa
2418,Barra Mansa
2421,Barra Mansa
2422,Barra Mansa
2426,Barra Mansa
2428,Barra Mansa
2431,Barra Mansa
2433,Barra Mansa
2435,Volta Redonda
2437,Barra Mansa
3420,Rio de Janeiro
2687,Niterói
2441,Barra Mansa
2444,Barra Mansa
2446,Barra Mansa
2447,Duque de Caxias
2451,Barra Mansa
2453,Barra Mansa
2454,Barra Mansa
2455,Barra Mansa
2456,Volta Redonda
2457,Barra Mansa
2459,Barra Mansa
2460,Barra Mansa
2461,Barra Mansa
2463,Barra Mansa
2465,Barra Mansa
2467,Barra Mansa
2468,Volta Redonda
2473,Barra Mansa
2474,Volta Redonda
2477,Barra Mansa
2266,São Gonçalo
2391,Itaboraí
2399,Barra Mansa
2479,Barra Mansa
2480,Barra Mansa
2482,Rio de Janeiro
2483,São Gonçalo
2484,Rio de Janeiro
2485,Duque de Caxias
2487,Nova Iguaçu
2488,Rio de Janeiro
2490,Rio de Janeiro
2491,Rio de Janeiro
2493,Nova Iguaçu
3073,Volta Redonda
3074,Resende
3075,Resende
3078,Resende
3079,Itatiaia
3081,Resende
3083,Resende
3085,Porto Real
3087,Porto Real
3089,Resende
2419,Barra Mansa
3090,Resende
3093,Itatiaia
3094,Itatiaia
3096,Porto Real
3099,Resende
3100,São Gonçalo
3102,Teresópolis
3105,Itaboraí
3106,Teresópolis
3108,Teresópolis
3109,Teresópolis
3112,Teresópolis
3114,Barra do Piraí
3115,Rio de Janeiro
3116,Barra do Piraí
3117,Vassouras
3118,Petrópolis
3119,Rio de Janeiro
3121,Maricá
3123,Resende
3124,Resende
3128,Porto Real
3129,Itatiaia
3131,São João de Meriti
3132,Resende
3133,Porto Real
3136,Resende
3138,Porto Real
3139,Resende
3140,Resende
3142,Porto Real
3147,Teresópolis
3148,Rio de Janeiro
3150,Teresópolis
3151,São Gonçalo
3156,Itaboraí
3157,São Gonçalo
3284,Guapimirim
3286,Petrópolis
3288,Paracambi
3289,Nilopolis
3291,Teresópolis
3293,Rio de Janeiro
3358,Itaguai
2357,Niteroi
3295,São Pedro da Aldeia
3296,Volta Redonda
3297,Mesquita
3298,Maricá
3300,Rio de Janeiro
3301,Rio de Janeiro
3303,Rio de Janeiro
3305,Nilopolis
3306,Rio de Janeiro
3308,Saquarema
3309,Saquarema
3312,Rio de Janeiro
3313,Petrópolis
3314,Petrópolis
3316,Rio de Janeiro
3317,Rio de Janeiro
3319,Rio de Janeiro
3321,Petrópolis
3325,Rio de Janeiro
3326,Rio de Janeiro
3705,Teresopolis
3707,Nilopolis
3708,Nilopolis
3821,Maricá
3824,São Gonçalo
3825,São Gonçalo
3827,NOVA IGUAÇU
3829,Rio de Janeiro
3830,Rio de Janeiro
3831,Nova Iguaçu
3832,Nova Iguaçu
3833,Rio de Janeiro
3835,Nova Iguaçu
3836,Nova Iguaçu
3837,Belford Roxo
3838,Belford Roxo
3842,Nova Iguacu
3844,Duque de Caxias
3845,Duque de Caxias
3847,Rio de Janeiro
3848,Rio de Janeiro
3849,Rio de Janeiro
3852,Nova Iguacu
3855,Nova Iguaçu
3857,Rio de Janeiro
3858,Nova Iguaçu
3861,Duque de Caxias
3862,Rio de Janeiro
3863,Rio de Janeiro
3864,Rio de Janeiro
3865,Maricá
3868,São Gonçalo
3869,São Gonçalo
3871,Nova Iguaçu
3872,Nova Iguaçu
3874,Rio de Janeiro
3875,Rio de Janeiro
3878,Belford Roxo
3879,Queimados
3882,Nilopolis
3884,Duque de Caxias
3323,Campos dos Goytacazes
3843,Nova Iguaçu
3887,São Gonçalo
3888,Belford Roxo
3890,Duque de Caxias
3891,Nova Iguaçu
3893,Belford Roxo
3894,Rio de Janeiro
3896,Nova Iguaçu
3897,Rio de Janeiro
3899,Belford Roxo
3902,Nova Iguaçu
3904,Rio de Janeiro
3905,Belford Roxo
3906,Belford Roxo
3907,Belford Roxo
3908,Nova Iguaçu
3909,Belford Roxo
3911,Duque de Caxias
3913,Niterói
3914,São João de Meriti
3916,Duque de Caxias
3919,Duque de Caxias
3922,Santa Maria
3923,Rio de Janeiro
3924,Nova Iguaçu
3926,Rio de Janeiro
3927,Rio de Janeiro
3928,Rio de Janeiro
3930,Duque de Caxias
3931,Rio de Janeiro
3933,Nova Iguaçu
3934,Nova Iguaçu
3935,São Paulo
3936,Rio de Janeiro
3937,São Gonçalo
3938,Duque de Caxias
3939,Duque de Caxias
3941,Duque de Caxias
3942,Rio de Janeiro
3943,Niterói
3945,Nova Iguaçu
3946,Rio de Janeiro
3949,Duque de Caxias
3192,Rio de Janeiro
3194,Contagem
3195,Rio Bonito
3197,Rio Bonito
3199,Ponta Grossa
3201,Rio de Janeiro
3202,Magé
3203,Guapimirim
3205,Rio de Janeiro
3207,Teresópolis
3208,Teresópolis
3210,Valença
3211,Valença
3212,Vassouras
3214,Valença
3215,Rio das Flores
3218,Mendes
3223,Maricá
3226,Niterói
3230,Rio de Janeiro
3233,São João de Meriti
3867,Rio de Janeiro
3234,São João de Meriti
3235,Magé
3237,Rio de Janeiro
3239,Rio de Janeiro
3240,Rio de Janeiro
3242,São João de Meriti
3244,Magé
3245,Niterói
3246,Seropédica
3247,Petrópolis
3248,Magé
3249,Rio de Janeiro
3250,Valença
3253,Rio de Janeiro
3254,Rio de Janeiro
3255,SAO GONCALO
3256,Saquarema
3262,Rio de Janeiro
3263,Itaboraí
3269,Rio de Janeiro
3876,Nova Iguaçu
3270,Rio de Janeiro
3272,Rio de Janeiro
3273,Rio de Janeiro
3275,Guapimirim
3278,Nova Iguaçu
3279,Petrópolis
3280,Rio de Janeiro
3282,Nova Iguaçu
3283,Rio de Janeiro
2842,Rio Bonito
2844,Maricá
2845,Rio de Janeiro
2847,Nova Iguaçu
2848,Petrópolis
2852,Petrópolis
2853,Petrópolis
2854,Rio de Janeiro
2857,Petrópolis
2860,Magé
3885,Duque de Caxias
3917,Rio de Janeiro
2861,Magé
2863,Petrópolis
2864,Petrópolis
2866,Niterói
2867,Niterói
2868,Nova Iguaçu
2869,Nova Iguaçu
2871,Nova Iguaçu
2873,Nova Iguaçu
2875,Rio de Janeiro
2876,Nova Iguaçu
2878,Nova Iguaçu
2879,Nova Iguaçu
2880,Volta Redonda
2882,Nova Iguaçu
2883,Nova Iguaçu
3221,Vassouras
2886,Duque de Caxias
2888,Rio de Janeiro
3227,Rio de Janeiro
2893,Pinheiral
2894,Petrópolis
2896,Sao Goncalo
2899,Rio de Janeiro
2901,Praia Grande
2902,Praia Grande
2904,Santos
2907,Rio de Janeiro
2908,Magé
2910,Niterói
2911,Niterói
3252,Rio de Janeiro
2916,Santos
2917,Niterói
2918,Santos
2920,Santos
2921,Santos
2923,Santos
2924,Santos
2927,Mesquita
3260,Teresópolis
2930,Niterói
2931,Niterói
2932,Niterói
2933,Petrópolis
2935,Nova Iguaçu
2936,Nilopolis
2938,Nova Iguaçu
2940,Petrópolis
2941,São Gonçalo
2944,Nilopolis
2945,Nilopolis
2947,Rio de Janeiro
2948,Rio de Janeiro
2951,Petrópolis
2954,Nilopolis
2955,Rio de Janeiro
2957,Rio de Janeiro
2958,Rio de Janeiro
2959,Santo André
2962,Nilopolis
2427,Barra Mansa
2434,Barra Mansa
2964,Petrópolis
2965,Petrópolis
2967,Petrópolis
2968,Petrópolis
2970,Rio de Janeiro
2973,Niterói
2975,Niterói
2976,Itaboraí
2981,Barra Mansa
2982,Duque de Caxias
2983,São João de Meriti
2986,Itatiaia
2988,Bebedouro
2990,São Gonçalo
2993,São Gonçalo
2995,São Gonçalo
2996,Rio de Janeiro
2997,São Gonçalo
2999,Guapimirim
2438,Barra Mansa
2458,Barra Mansa
3000,Maricá
3002,Petrópolis
3003,Petrópolis
3005,Rio de Janeiro
3007,São Gonçalo
3008,Guapimirim
3009,Magé
3012,Mage
3013,Itaboraí
3014,Itaboraí
3015,Magé
3016,Magé
3020,Barra do Piraí
3021,Volta Redonda
3023,Volta Redonda
3024,Volta Redonda
3025,Volta Redonda
3028,Volta Redonda
3030,Barra do Piraí
3032,Volta Redonda
3035,Volta Redonda
2464,Barra Mansa
3038,Volta Redonda
3042,Pinheiral
3043,Pinheiral
5020,Rio de Janeiro
3046,São João de Meriti
3047,Rio de Janeiro
3048,Volta Redonda
3050,Pinheiral
3051,Pinheiral
3054,Volta Redonda
3055,Volta Redonda
3057,Volta Redonda
3058,Volta Redonda
3062,Pinheiral
3064,Volta Redonda
3066,Volta Redonda
3068,Volta Redonda
3069,Volta Redonda
3072,Barra Mansa
3642,Praia Grande
2471,Volta Redonda
3076,Resende
3643,Praia Grande
3644,Praia Grande
3646,Praia Grande
3647,Praia Grande
3649,Praia Grande
3650,Praia Grande
3652,Praia Grande
3653,Praia Grande
3655,Praia Grande
922,Rio de Janeiro
3658,Magé
3661,Praia Grande
3662,Valença
3665,Cubatão
3667,São Vicente
3669,São Paulo
3672,Cubatão
3080,Resende
4529,Poços de Caldas
3127,Resende
3675,Praia Grande
3676,Praia Grande
3677,Praia Grande
3678,Praia Grande
3679,Praia Grande
3681,São Vicente
3682,São Vicente
3683,São Vicente
3685,São Vicente
3686,São Vicente
3688,Belford Roxo
3690,Teresópolis
3694,Praia Grande
3697,Rio de Janeiro
3698,Santos
3701,Rio de Janeiro
3153,Resende
3703,Duque de Caxias
3287,Petrópolis
2060,Rio de Janeiro
2062,Rio de Janeiro
2065,Magé
2068,Rio de Janeiro
2082,Rio de Janeiro
187,Rio de Janeiro
190,Queimados
192,Duque de Caxias
210,Duque de Caxias
215,Duque de Caxias
221,Rio de Janeiro
224,Duque de Caxias
227,Duque de Caxias
242,Mesquita
245,Rio de Janeiro
257,Rio de Janeiro
261,Duque de Caxias
264,São Gonçalo
268,São Gonçalo
878,Belford Roxo
901,Nova Iguaçu
288,Rio de Janeiro
291,Rio de Janeiro
295,Rio de Janeiro
2089,Nilopolis
2092,Rio de Janeiro
2094,Rio de Janeiro
2097,Rio de Janeiro
2102,São João de Meriti
1691,Belford Roxo
1694,Nilopolis
1696,Nova Iguaçu
1699,Nova Iguaçu
4815,São João de Meriti
1712,Rio de Janeiro
1727,Rio de Janeiro
1739,Nova Iguaçu
1743,Nova Iguaçu
1746,Mesquita
1753,Nova Iguaçu
2881,Nova Iguaçu
2884,Nova Iguaçu
1781,Rio de Janeiro
297,Rio de Janeiro
300,Rio de Janeiro
304,Rio de Janeiro
316,Rio de Janeiro
323,Rio de Janeiro
329,Rio de Janeiro
334,Rio de Janeiro
337,Rio de Janeiro
340,Rio de Janeiro
343,Rio de Janeiro
751,Rio de Janeiro
763,Rio de Janeiro
765,Duque de Caxias
768,Rio de Janeiro
789,Rio de Janeiro
4444,São Gonçalo
799,Duque de Caxias
4497,Rio de Janeiro
3659,Volta Redonda
1789,Rio de Janeiro
1793,Nova Iguaçu
1815,Rio de Janeiro
1818,Rio de Janeiro
1820,Japeri
1824,Rio de Janeiro
1827,São Gonçalo
1829,Rio de Janeiro
1835,Nova Iguaçu
1854,Niterói
1864,Barra Mansa
1866,Nova Iguaçu
1870,Rio de Janeiro
1896,Nova Iguaçu
1900,Nova Iguaçu
1903,Duque de Caxias
1912,Rio de Janeiro
2507,Rio de Janeiro
933,Rio de Janeiro
940,Rio de Janeiro
158,Nova Iguaçu
180,Belford Roxo
3954,Nova Iguaçu
3955,Nova Iguaçu
3957,Nilopolis
3958,Rio de Janeiro
3960,Rio de Janeiro
3961,Mesquita
3963,Rio de Janeiro
3964,São João de Meriti
3966,Nova Iguaçu
3967,Belford Roxo
3968,Belford Roxo
3969,Belford Roxo
3710,Nilopolis
3711,Santos
3712,Rio de Janeiro
3713,Rio de Janeiro
3714,Santos
3715,Santos
3716,Santos
3718,Santos
3722,Rio de Janeiro
3725,Santos
3726,Santos
3729,Praia Grande
3730,Santos
3732,Praia Grande
3733,Praia Grande
3734,Santos
3736,Praia Grande
3739,Rio de Janeiro
3740,Rio de Janeiro
3743,Praia Grande
3744,Itanhaém
3746,Rio de Janeiro
3747,Praia Grande
3749,Praia Grande
3753,Rio de Janeiro
3754,Magé
4587,Belford Roxo
2891,Pinheiral
2915,Praia Grande
3756,Nilopolis
3758,Santa Terezinha de Itaipu
3761,São João de Meriti
3762,Magé
3763,Rio de Janeiro
3766,Rio de Janeiro
3767,Rio de Janeiro
3772,Rio de Janeiro
3773,Rio de Janeiro
3776,Rio de Janeiro
3777,Rio de Janeiro
4738,Rio de Janeiro
3779,Duque de Caxias
3781,Nilopolis
3782,Rio de Janeiro
3784,Rio de Janeiro
3785,Rio de Janeiro
3788,Rio de Janeiro
3789,Rio de Janeiro
3790,Duque de Caxias
4746,Niterói
3791,Rio de Janeiro
3792,Queimados
3794,Queimados
3795,Rio de Janeiro
3796,Nilopolis
3797,Nova Iguaçu
3799,Rio de Janeiro
3801,Niterói
3803,Rio de Janeiro
3806,Queimados
3807,Queimados
3810,Rio de Janeiro
3812,Mesquita
3813,Rio de Janeiro
3816,São Gonçalo
3818,Rio de Janeiro
3819,Rio de Janeiro
3426,Petrópolis
3427,Petrópolis
3428,Petrópolis
189,Duque de Caxias
3431,Niterói
3432,Rio de Janeiro
3433,Rio de Janeiro
3437,Petrópolis
3440,Petrópolis
3442,Petrópolis
3443,Rio de Janeiro
3445,Rio de Janeiro
3447,Rio de Janeiro
3449,Rio de Janeiro
3450,Rio de Janeiro
3452,Rio de Janeiro
3455,Petrópolis
3456,Petrópolis
3459,Rio de Janeiro
3461,Petrópolis
3462,Petrópolis
3464,Petrópolis
910,Belford Roxo
4685,Rio de Janeiro
1845,Rio de Janeiro
3465,Petrópolis
3466,Rio de Janeiro
3468,Nilopolis
3471,São Gonçalo
3472,Petrópolis
3473,Petrópolis
3475,Petrópolis
3476,Belford Roxo
3479,Petrópolis
3481,Petrópolis
3483,Rio Bonito
3484,Rio de Janeiro
3486,Petrópolis
3487,Petrópolis
3489,Petrópolis
3490,Nilopolis
3491,Rio de Janeiro
3493,Varginha
3494,Rio de Janeiro
3497,São Gonçalo
3498,São Gonçalo
3501,Petrópolis
3502,Saquarema
3504,Petrópolis
3505,Petrópolis
3506,Rio Bonito
3507,Magé
3508,Petrópolis
3511,Nilopolis
3513,Frutal
3514,Petrópolis
3515,Duque de Caxias
3516,São Gonçalo
3519,Nova Iguaçu
3520,São Gonçalo
3521,Duque de Caxias
3522,Petrópolis
3524,Rio de Janeiro
3525,Rio de Janeiro
3526,Magé
3529,Nova Iguaçu
3531,Itaboraí
3532,Rio de Janeiro
3533,Rio de Janeiro
3534,Guapimirim
3535,Teresópolis
3537,Magé
3539,Rio de Janeiro
3540,Rio de Janeiro
3542,Rio de Janeiro
3543,Tanguá
3544,Rio de Janeiro
3545,Duque de Caxias
3546,Rio de Janeiro
3549,Rio de Janeiro
3551,Rio de Janeiro
3552,Petrópolis
3553,São Gonçalo
3556,Santos
3557,Santos
3560,Praia Grande
3561,Nova Friburgo
3563,Praia Grande
3564,Santos
3566,Cubatão
3570,Praia Grande
3571,Praia Grande
3572,Santos
3574,Rio de Janeiro
3575,Praia Grande
3576,Praia Grande
3577,Praia Grande
3580,Santos
3581,Santos
3583,Santos
3586,Mongaguá
3587,Praia Grande
3589,Santos
3592,Santos
3593,Santos
3596,Praia Grande
1914,Rio de Janeiro
2498,Rio de Janeiro
3597,Rio de Janeiro
3598,Rio de Janeiro
3600,Praia Grande
3602,Praia Grande
3605,Santos
3606,Cubatao
3607,Santos
3608,São Vicente
3609,Santo André
3610,Santos
3612,São Vicente
3613,Praia Grande
3615,Rio de Janeiro
3617,Rio de Janeiro
3618,Rio de Janeiro
3623,Rio de Janeiro
3625,Teresópolis
3627,Teresópolis
3628,Teresópolis
2919,Praia Grande
2922,Guarujá
3630,São Gonçalo
3631,Rio de Janeiro
3633,Santos
3634,Praia Grande
3635,Rio de Janeiro
3636,Rio de Janeiro
3638,Nilopolis
3639,Santos
2209,Volta Redonda
2211,Volta Redonda
2214,Barra Mansa
2218,Rio de Janeiro
2224,Belford Roxo
2258,Guapimirim
2013,Nova Iguaçu
2021,Rio de Janeiro
2028,Rio de Janeiro
2050,Rio de Janeiro
2057,Rio de Janeiro
3664,Valença
3673,Cubatão
2386,Volta Redonda
2389,Rio de Janeiro
2392,Rio de Janeiro
2394,Itaboraí
2398,Barra Mansa
2400,Barra Mansa
2406,Barra Mansa
2409,Barra Mansa
2423,Barra Mansa
2425,Barra Mansa
2429,Volta Redonda
2440,Barra Mansa
2442,Barra Mansa
1543,Niterói
1547,Rio de Janeiro
1584,Rio de Janeiro
1587,Rio de Janeiro
1593,Guapimirim
1595,Nova Iguaçu
196,Nova Iguaçu
240,Belford Roxo
250,São Gonçalo
943,Duque de Caxias
947,Rio de Janeiro
952,Rio de Janeiro
955,Rio de Janeiro
971,Rio de Janeiro
974,Rio de Janeiro
984,Magé
987,Duque de Caxias
991,Belford Roxo
995,São Gonçalo
1006,Duque de Caxias
1029,Rio de Janeiro
1033,Rio de Janeiro
1050,Magé
1057,Rio de Janeiro
2513,Rio de Janeiro
2516,Rio de Janeiro
2520,Rio de Janeiro
2528,Nova Iguaçu
2522,Rio de Janeiro
2527,Rio de Janeiro
2531,Rio de Janeiro
2544,Rio de Janeiro
2547,Rio de Janeiro
2551,Nova Iguacu
2553,Nilopolis
2556,Rio de Janeiro
2561,São Gonçalo
2568,Rio de Janeiro
2704,Rio Bonito
2710,Araruama
2714,Rio de Janeiro
2718,Nilopolis
2721,Itaboraí
2741,São Gonçalo
2744,Magé
2747,Rio de Janeiro
1070,Belford Roxo
821,Rio de Janeiro
825,Rio de Janeiro
834,São Gonçalo
2928,Rio de Janeiro
838,Rio de Janeiro
841,São Gonçalo
862,Rio de Janeiro
868,Nova Iguaçu
4866,Niterói
876,Nova Iguaçu
880,Rio de Janeiro
882,São João de Meriti
896,Duque de Caxias
902,São Gonçalo
909,Nova Iguaçu
2751,São João de Meriti
3421,Tanguá
3178,São Gonçalo
3180,Rio de Janeiro
3183,Rio de Janeiro
3187,São Paulo
3189,Rio de Janeiro
3198,Magé
4868,Rio de Janeiro
3684,São Paulo
3216,Barra do Piraí
3220,Mendes
3222,Rio de Janeiro
3225,Nilopolis
3231,Rio de Janeiro
3238,Rio Bonito
3241,São João de Meriti
3243,Rio de Janeiro
3261,Rio de Janeiro
3265,Santos
3268,Petrópolis
3271,Mesquita
3972,Nova Iguaçu
3975,Santa Terezinha de Itaipu
3976,Rio de Janeiro
3977,Queimados
3979,Duque de Caxias
3980,Rio de Janeiro
3981,São Gonçalo
3986,Magé
262,Rio de Janeiro
3987,Mage
3990,Rio de Janeiro
3991,Rio de Janeiro
3993,Rio de Janeiro
3994,Maricá
3995,Maricá
3997,Maricá
3998,São Gonçalo
4000,Duque de Caxias
4002,São Gonçalo
4005,Rio de Janeiro
4006,São Paulo
4007,Rio de Janeiro
4008,Rio de Janeiro
4010,Rio de Janeiro
4012,Mesquita
4013,Elói Mendes
2552,Rio de Janeiro
4015,São João de Meriti
4016,São João de Meriti
4017,Itaboraí
4021,São Gonçalo
4023,Barra Mansa
4025,Petrópolis
4026,Valença
4029,Rio de Janeiro
4031,Rio de Janeiro
4032,Maricá
4033,Maricá
4034,Maricá
4035,Niterói
4036,Nova Iguaçu
4037,Nova Iguaçu
4039,Rio de Janeiro
4040,Niterói
4042,Duque de Caxias
4043,Rio de Janeiro
4044,Cabreúva
4045,Rio de Janeiro
4046,Rio de Janeiro
4048,Rio de Janeiro
4846,Rio de Janeiro
4050,Duque de Caxias
4051,Teresópolis
4052,Barra Mansa
4053,Nilopolis
4054,São Gonçalo
4892,Niterói
4061,Rio de Janeiro
4062,Nova Iguaçu
4063,Belford Roxo
4065,Guarulhos
4067,Belford Roxo
4068,Belford Roxo
4070,Rio de Janeiro
4073,Mesquita
4074,Mesquita
4075,Rio de Janeiro
4079,Belford Roxo
4080,Belford Roxo
284,Rio de Janeiro
4082,Niterói
4083,Saquarema
4084,Saquarema
4085,Maricá
4086,Nova Iguaçu
4087,Mesquita
362,Rio de Janeiro
4089,Duque de Caxias
4091,Belford Roxo
4093,Rio de Janeiro
4094,Rio de Janeiro
4096,Rio de Janeiro
4099,Rio de Janeiro
4100,Rio de Janeiro
4107,Rio de Janeiro
4108,Rio de Janeiro
4110,Rio de Janeiro
4111,Belford Roxo
4113,Rio de Janeiro
4114,Rio de Janeiro
4115,Belford Roxo
4116,Nilopolis
4117,Rio de Janeiro
4118,Rio de Janeiro
4119,Rio de Janeiro
4120,Rio de Janeiro
4121,Saquarema
4122,Saquarema
4123,Rio de Janeiro
4125,Rio de Janeiro
4126,Belford Roxo
4129,Duque de Caxias
4130,Duque de Caxias
4132,DUQUE DE CAXIAS
4133,Nova Iguaçu
4136,Rio de Janeiro
4141,Rio Maria
4142,Sao Paulo
4144,Nova Iguaçu
4145,Magé
4150,Nilopolis
4152,Rio de Janeiro
4153,Rio de Janeiro
4154,Nova Iguaçu
4155,Duque de Caxias
4156,São João de Meriti
4157,São Gonçalo
4159,Nova Iguaçu
4161,Nilopolis
4162,Rio de Janeiro
4164,Rio de Janeiro
4523,São Paulo
4169,Saquarema
4170,Rio de Janeiro
4171,Rio de Janeiro
4173,Rio de Janeiro
4174,Rio de Janeiro
4180,Rio de Janeiro
4527,Nova Iguaçu
4528,Poços de Caldas
4182,Rio de Janeiro
4183,Rio de Janeiro
4184,Rio de Janeiro
4185,Rio de Janeiro
4186,Duque de Caxias
915,Rio de Janeiro
519,Duque de Caxias
521,Duque de Caxias
524,Rio de Janeiro
528,Rio de Janeiro
535,Duque de Caxias
539,Rio de Janeiro
544,Rio de Janeiro
555,Rio de Janeiro
561,Rio de Janeiro
564,Duque de Caxias
572,Belford Roxo
580,Belford Roxo
594,Rio de Janeiro
785,Duque de Caxias
1786,Duque de Caxias
606,Duque de Caxias
609,Rio de Janeiro
2758,Rio de Janeiro
2763,São João de Meriti
2766,Petrópolis
2783,Mesquita
2785,Rio de Janeiro
2791,Petrópolis
2799,Rio de Janeiro
2822,Nova Iguaçu
2830,Rio de Janeiro
2834,Nova Iguaçu
2589,Magé
2593,Rio de Janeiro
2595,São Gonçalo
2605,Rio de Janeiro
2608,Rio de Janeiro
2628,Petrópolis
2635,Rio de Janeiro
368,Rio de Janeiro
404,Niterói
612,Rio de Janeiro
616,Rio de Janeiro
618,Rio de Janeiro
630,Rio de Janeiro
632,Belford Roxo
643,Duque de Caxias
648,Rio de Janeiro
655,Rio de Janeiro
669,Duque de Caxias
675,São Gonçalo
683,Rio de Janeiro
686,Rio de Janeiro
690,Rio de Janeiro
692,Rio de Janeiro
695,Rio de Janeiro
708,Rio de Janeiro
711,Rio de Janeiro
718,Niterói
2638,Rio de Janeiro
2643,Rio de Janeiro
2560,Rio de Janeiro
2651,Rio de Janeiro
2672,São Gonçalo
2676,Belford Roxo
2686,Rio de Janeiro
2688,Belford Roxo
2273,Duque de Caxias
2277,Rio de Janeiro
2287,Japeri
2292,Petrópolis
2310,São Gonçalo
2313,Rio de Janeiro
2328,Nova Iguaçu
2332,Rio de Janeiro
2345,Rio de Janeiro
2348,Rio de Janeiro
727,Niterói
729,Niterói
4726,Nova Iguaçu
4735,Niterói
4736,DUQUE DE CAXIAS
2952,Petrópolis
732,Rio de Janeiro
1333,Rio de Janeiro
1336,Duque de Caxias
1339,Rio de Janeiro
1342,Rio de Janeiro
1344,Duque de Caxias
1352,Rio de Janeiro
1357,Duque de Caxias
1371,Duque de Caxias
1374,São Gonçalo
1387,São Gonçalo
1395,Duque de Caxias
1398,Niterói
1537,Duque de Caxias
2355,Volta Redonda
2363,Rio de Janeiro
2368,Rio de Janeiro
2383,Rio de Janeiro
3691,Rio de Janeiro
3700,Petrópolis
218,São Gonçalo
2980,Duque de Caxias
2987,Nilópolis
2989,São Gonçalo
2992,São Gonçalo
3011,Rio de Janeiro
3019,Niterói
3022,Barra do Piraí
3026,Volta Redonda
3029,Pinheiral
3044,Volta Redonda
3052,Volta Redonda
3056,Volta Redonda
3065,São José do Turvo (Barra do Piraí)
3070,Volta Redonda
3654,Praia Grande
3657,Duque de Caxias
3660,Praia Grande
3663,Cubatão
453,Nova Iguaçu
965,Rio de Janeiro
1615,Rio de Janeiro
1620,Rio de Janeiro
1622,Rio de Janeiro
1626,Petrópolis
1631,São Gonçalo
1634,São Gonçalo
1639,Nova Iguaçu
1659,Duque de Caxias
2711,Rio de Janeiro
1664,Rio de Janeiro
1674,Rio de Janeiro
1678,Rio de Janeiro
2448,Barra Mansa
2472,Barra Mansa
2478,Barra Mansa
2486,Rio de Janeiro
2489,São João de Meriti
3084,Resende
3098,Resende
3101,Teresópolis
2723,Rio de Janeiro
3104,São Gonçalo
3107,Teresópolis
3113,Volta Redonda
3130,Resende
3134,Resende
3141,Porto Real
3143,Resende
3146,Petrópolis
3152,São Gonçalo
3154,Resende
1415,São Gonçalo
1421,Rio de Janeiro
1424,Rio de Janeiro
1430,Niterói
1435,Duque de Caxias
1437,Rio de Janeiro
1458,Niterói
2956,Magé
1470,Rio de Janeiro
1472,São Gonçalo
2961,Rio de Janeiro
2985,Rio de Janeiro
1475,Rio de Janeiro
1479,Mage
1481,Rio de Janeiro
1495,Rio de Janeiro
1500,Rio de Janeiro
1504,Rio de Janeiro
1508,Rio de Janeiro
1511,Rio de Janeiro
3294,Duque de Caxias
3302,Saquarema
3307,Rio de Janeiro
3311,Rio de Janeiro
3318,Rio de Janeiro
3330,Rio de Janeiro
3339,Guapimirim
3346,Rio de Janeiro
3349,Angra dos Reis
3355,Jarinu
3373,Nilopolis
1702,Nova Iguaçu
1731,Seropédica
3375,Rio de Janeiro
3384,Nova Iguaçu
3387,Paracambi
3406,Volta Redonda
3410,Itaboraí
3415,Itaboraí
1513,Rio de Janeiro
1517,Rio de Janeiro
1522,Rio de Janeiro
1088,Rio de Janeiro
1093,Rio de Janeiro
1107,São Gonçalo
1109,São Gonçalo
1129,São Gonçalo
1133,Rio de Janeiro
1151,Rio de Janeiro
1153,São Gonçalo
1183,São Gonçalo
1186,Queimados
993,Duque de Caxias
1001,Magé
1194,Rio de Janeiro
1196,Rio de Janeiro
354,Rio de Janeiro
357,Rio de Janeiro
363,Petrópolis
366,Rio de Janeiro
369,Niterói
372,Niterói
378,Rio de Janeiro
382,Niterói
397,Niterói
400,Niterói
406,São Gonçalo
408,Niterói
411,Niterói
416,Niterói
421,Niterói
437,Rio de Janeiro
446,Niterói
454,Nova Iguaçu
460,Rio de Janeiro
2737,Rio de Janeiro
463,Rio de Janeiro
1223,Rio de Janeiro
1228,São Gonçalo
1236,Rio de Janeiro
1250,Rio de Janeiro
1252,Rio de Janeiro
1254,São Gonçalo
1258,Mesquita
1269,Rio de Janeiro
1274,Duque de Caxias
1289,Rio de Janeiro
1291,Nova Iguaçu
1293,Duque de Caxias
1300,Rio de Janeiro
1303,Magé
1307,Duque de Caxias
1317,Rio de Janeiro
1940,Rio de Janeiro
2994,São Gonçalo
2998,Rio de Janeiro
3027,Volta Redonda
480,Rio de Janeiro
482,Rio de Janeiro
485,Rio de Janeiro
487,Niterói
491,Rio de Janeiro
494,Rio de Janeiro
498,Rio de Janeiro
501,Nova Iguaçu
15,Niterói
18,Belford Roxo
22,Rio de Janeiro
26,Rio de Janeiro
29,Nova Iguaçu
32,Nova Iguaçu
59,Rio de Janeiro
62,São Gonçalo
65,Rio de Janeiro
1945,Duque de Caxias
1951,São Gonçalo
1954,Niterói
1876,Nova Iguaçu
1981,Duque de Caxias
1990,Rio de Janeiro
1993,Rio de Janeiro
2126,Rio de Janeiro
2128,Nova Iguaçu
2132,Duque de Caxias
2134,Nova Iguaçu
2137,Duque de Caxias
2162,Rio de Janeiro
2167,Duque de Caxias
2179,São João de Meriti
2196,Barra do Piraí
2204,Volta Redonda
2207,Barra Mansa
71,Nova Iguaçu
78,Rio de Janeiro
98,Rio de Janeiro
101,Itaboraí
1023,Rio de Janeiro
1028,Rio de Janeiro
836,Rio de Janeiro
105,São Gonçalo
109,Rio de Janeiro
115,Rio de Janeiro
128,São Gonçalo
130,Rio de Janeiro
135,Itaboraí
138,Rio de Janeiro
143,Niterói
148,Rio de Janeiro
152,Rio de Janeiro
154,Rio de Janeiro
166,Rio de Janeiro
169,São Gonçalo
175,Rio de Janeiro
181,Belford Roxo
184,Belford Roxo
3500,Petrópolis
4056,Belford Roxo
4176,Rio de Janeiro
14,São Gonçalo
2750,Rio de Janeiro
737,Rio de Janeiro
966,Rio de Janeiro
1005,Duque de Caxias
1035,São Gonçalo
850,São Gonçalo
551,Rio de Janeiro
1350,Rio de Janeiro
1467,Rio de Janeiro
1264,São João de Meriti
2027,Rio de Janeiro
1843,Rio de Janeiro
2832,Nova Iguacu
2611,Rio de Janeiro
3111,Teresópolis
3228,Rio de Janeiro
2898,Rio de Janeiro
2991,São Gonçalo
3695,Praia Grande
3820,Rio de Janeiro
3037,Volta Redonda
3770,Rio de Janeiro
3815,Queimados
3503,Petrópolis
3548,Duque de Caxias
4138,Belford Roxo
327,Rio de Janeiro
1027,Niterói
885,Rio de Janeiro
1546,Rio de Janeiro
1582,Rio de Janeiro
1969,Rio de Janeiro
2187,Volta Redonda
2045,Rio de Janeiro
2569,Rio de Janeiro
2352,Rio de Janeiro
3018,Rio de Janeiro
3036,Volta Redonda
3728,Rio de Janeiro
231,Rio de Janeiro
253,Rio de Janeiro
1405,Duque de Caxias
2172,Itaboraí
390,São Gonçalo
439,Rio de Janeiro
11,São Gonçalo
68,Duque de Caxias
170,Rio de Janeiro
223,Rio de Janeiro
277,Rio de Janeiro
325,Nova Iguaçu
796,Duque de Caxias
1018,Rio de Janeiro
828,Itaboraí
891,Paracambi
688,Rio de Janeiro
1385,São Gonçalo
1608,Rio de Janeiro
1636,São Gonçalo
1676,Rio de Janeiro
4576,Ponta Grossa
4580,Rio de Janeiro
1209,Belford Roxo
1958,Duque de Caxias
2145,Nova Iguaçu
1857,São Gonçalo
2828,São Gonçalo
2585,Rio de Janeiro
2271,São Gonçalo
3259,Duque de Caxias
3973,Rio de Janeiro
1112,São Gonçalo
1139,Duque de Caxias
1174,Rio de Janeiro
1219,São Gonçalo
1991,Rio de Janeiro
2146,Guapimirim
2012,Niterói
2072,São João de Meriti
1751,Duque de Caxias
1770,Rio de Janeiro
1794,Nova Iguaçu
1825,Rio de Janeiro
1860,Nova Iguaçu
1897,São João de Meriti
2563,Rio de Janeiro
2707,Sao Goncalo
2759,Rio de Janeiro
2781,Rio das Flores
2601,Rio de Janeiro
2620,São Gonçalo
2679,São João de Meriti
2294,Nova Iguaçu
2476,Barra Mansa
3091,Itatiaia
3137,Resende
3196,Rio Bonito
3213,Vassouras
2858,Petrópolis
3059,Volta Redonda
3823,Maricá
3870,Nova Iguaçu
3274,Guapimirim
3281,Nova Iguaçu
2859,Mage
2862,Petrópolis
2865,Petrópolis
2874,Rio de Janeiro
2877,Rio Bonito
2887,Duque de Caxias
2890,São João de Meriti
2895,Petrópolis
2897,Niterói
2900,Santos
2903,Cubatão
2906,Magé
2912,Niterói
2929,Praia Grande
2934,Volta Redonda
2939,Nova Iguaçu
2942,São Vicente
2946,Niterói
2966,Petrópolis
2969,Niterói
2974,Niterói
1776,Nova Iguaçu
760,Rio de Janeiro
4673,Rio de Janeiro
4676,Nova Iguaçu
4692,Rio de Janeiro
4693,Niterói
4696,Rio de Janeiro
4697,Rio de Janeiro
4786,Queimados
4789,Niterói
4790,Niterói
4791,Itaboraí
4794,Rio de Janeiro
4796,Rio de Janeiro
4797,Rio de Janeiro
4800,Rio de Janeiro
4801,DUQUE DE CAXIAS
4802,DUQUE DE CAXIAS
4806,Rio de Janeiro
4814,Rio de Janeiro
4816,DUQUE DE CAXIAS
4817,DUQUE DE CAXIAS
3671,Cubatão
3674,Praia Grande
3689,Casimiro de Abreu
3692,Praia Grande
3699,Santos
3706,Teresópolis
3709,Nilopolis
3834,Nova Iguaçu
3840,Duque de Caxias
3846,Rio de Janeiro
3851,Nova Iguaçu
3873,Duque de Caxias
3877,Duque de Caxias
3880,Nova Iguacu
3883,Duque de Caxias
3889,Belford Roxo
3892,Duque de Caxias
3895,Nova Iguaçu
3915,Nova Iguaçu
2780,Guapimirim
2843,Rio de Janeiro
3921,Nova Iguaçu
3925,Juiz de Fora
3932,Nova Iguacu
3950,Niterói
3953,Nova Iguaçu
3956,Rio de Janeiro
3959,Rio de Janeiro
3962,Nova Iguaçu
3965,Nova Iguaçu
3727,Nova Friburgo
3731,Rio de Janeiro
3735,Praia Grande
3741,Rio de Janeiro
3757,São Vicente
3760,Rio de Janeiro
3768,Rio de Janeiro
3771,Rio de Janeiro
3775,Rio de Janeiro
3053,Pinheiral
3061,Pinheiral
3067,Rio de Janeiro
3793,Rio de Janeiro
3798,Nova Iguaçu
3802,Rio de Janeiro
3805,Mesquita
3811,Nilópolis
3814,Rio de Janeiro
3817,Rio de Janeiro
3434,Rio de Janeiro
3438,Petrópolis
3441,Petrópolis
3444,Rio de Janeiro
3448,Rio de Janeiro
3453,Rio de Janeiro
3457,Petrópolis
3470,Rio de Janeiro
3474,Petrópolis
3488,Petrópolis
3492,Itaboraí
3509,Itaboraí
1917,São Gonçalo
936,Rio de Janeiro
3512,Nilopolis
3517,Itaboraí
3523,Petrópolis
3528,Queimados
3550,Petrópolis
3555,Petrópolis
3558,São Vicente
3562,Rio de Janeiro
3565,Santos
3582,Santos
3585,Praia Grande
3588,Mongaguá
3594,Mongaguá
3599,Santos
3604,Rio de Janeiro
3616,Rio de Janeiro
3624,Magé
3629,Rio de Janeiro
843,Rio de Janeiro
4772,Maricá
870,Rio de Janeiro
3632,São Vicente
3637,Rio de Janeiro
3640,Praia Grande
3984,Petrópolis
3989,Rio de Janeiro
3992,Teresópolis
3996,Saquarema
4003,Maria da Fé
4024,São Gonçalo
4027,Rio de Janeiro
4038,Guarapuava
4055,Rio de Janeiro
4064,Belford Roxo
4066,Belford Roxo
4072,Duque de Caxias
4076,Rio de Janeiro
4095,Rio de Janeiro
4098,São João de Meriti
2851,Petrópolis
2856,Petrópolis
4105,Belford Roxo
4109,Rio de Janeiro
4134,Mesquita
4140,São Paulo
4143,Rio de Janeiro
4146,Belford Roxo
4149,Rio de Janeiro
4160,Rio de Janeiro
4166,Duque de Caxias
4172,Rio de Janeiro
4178,Sao Joao de Meriti
4187,Rio de Janeiro
381,Rio de Janeiro
402,Niterói
1569,Rio de Janeiro
1580,Rio de Janeiro
1125,Rio de Janeiro
1179,Rio de Janeiro
1987,Rio de Janeiro
3641,Praia Grande
3017,Rio de Janeiro
4409,Rio de Janeiro
4410,Nova Iguaçu
4412,Magé
4414,Magé
4415,São Gonçalo
4416,Duque de Caxias
4417,Duque de Caxias
4418,Rio de Janeiro
4420,Nova Iguaçu
4424,Rio de Janeiro
4425,Rio de Janeiro
4429,Rio de Janeiro
4431,Rio de Janeiro
4436,Rio de Janeiro
4437,Rio de Janeiro
4438,Duque de Caxias
4441,Japeri
4443,Rio de Janeiro
4445,Rio de Janeiro
4530,Paraguaçu
4531,Poços de Caldas
4533,Viana
4534,São Gonçalo
4535,Niterói
4536,Arapongas
4537,Cariacica
4581,São João de Meriti
4583,Nova Iguaçu
4585,SEROPEDICA
4588,Rio de Janeiro
4590,Nova Iguaçu
4591,Rio de Janeiro
4594,Rio de Janeiro
4599,Nova Iguaçu
4601,Rio de Janeiro
4603,Rio de Janeiro
4604,Rio de Janeiro
4605,Rio de Janeiro
4606,São Gonçalo
4608,São João de Meriti
4686,Rio de Janeiro
4718,Niterói
4721,Niterói
4722,Niterói
4747,Japeri
4749,Rio de Janeiro
4750,Rio de Janeiro
4762,Rio de Janeiro
4768,DUQUE DE CAXIAS
4770,Rio de Janeiro
4771,Rio de Janeiro
4776,Niterói
4777,Rio de Janeiro
4779,Rio de Janeiro
4808,Rio de Janeiro
4810,Rio de Janeiro
4818,Rio de Janeiro
4819,Nova Iguaçu
4820,Rio de Janeiro
4821,Rio de Janeiro
4446,Rio de Janeiro
4447,Rio de Janeiro
4449,Rio de Janeiro
4451,Rio de Janeiro
4452,Duque de Caxias
4453,Duque de Caxias
4454,Japeri
4455,Duque de Caxias
4458,Japeri
4459,Rio de Janeiro
4460,Rio de Janeiro
4461,Rio de Janeiro
4464,São João de Meriti
4469,Niterói
4470,São João de Meriti
4473,Duque de Caxias
4475,Rio de Janeiro
4479,São João de Meriti
4481,DUQUE DE CAXIAS
4611,DUQUE DE CAXIAS
4612,Nilópolis
4613,Rio de Janeiro
4615,Rio de Janeiro
4616,São Gonçalo
4621,São Gonçalo
4622,São Gonçalo
4623,Rio de Janeiro
4624,Rio de Janeiro
4626,Saquarema
4628,Venda Nova do Imigrante
4632,Rio de Janeiro
4674,Rio de Janeiro
4675,Rio de Janeiro
4680,Rio de Janeiro
4682,Rio de Janeiro
4683,Rio de Janeiro
4684,DUQUE DE CAXIAS
4687,Japeri
4689,Rio de Janeiro
4826,Niterói
4827,DUQUE DE CAXIAS
4828,DUQUE DE CAXIAS
4829,Itaguaí
4831,São Gonçalo
4833,Rio de Janeiro
4837,Nova Iguaçu
4838,Rio de Janeiro
4839,Rio de Janeiro
4840,Rio de Janeiro
4841,Rio de Janeiro
4843,Rio de Janeiro
4844,Rio de Janeiro
4845,Rio de Janeiro
4850,Rio de Janeiro
4853,Rio de Janeiro
4854,Rio de Janeiro
4858,Rio de Janeiro
4860,Rio de Janeiro
4861,Rio de Janeiro
4482,Nova Iguaçu
4483,DUQUE DE CAXIAS
4484,Rio de Janeiro
4485,Rio de Janeiro
4486,Rio de Janeiro
4487,Rio de Janeiro
4489,Rio de Janeiro
4493,Rio de Janeiro
4496,Rio de Janeiro
4498,Rio de Janeiro
4501,Belo Horizonte
4502,Ponta Grossa
4503,Rio de Janeiro
4506,Rio de Janeiro
4508,Rio de Janeiro
4511,Poços de Caldas
4512,Carmo
4513,Rio de Janeiro
4518,Nova Iguaçu
4520,Belo Horizonte
4521,Ingaí
4701,Rio de Janeiro
4702,Rio de Janeiro
4704,Niterói
4709,Rio de Janeiro
4710,Rio de Janeiro
4711,Rio de Janeiro
4712,Rio de Janeiro
4714,Rio de Janeiro
4715,Niterói
4716,Niterói
4729,Rio de Janeiro
4730,Rio de Janeiro
4731,Niterói
4753,Magé
4755,Rio de Janeiro
4756,Rio de Janeiro
4757,Niterói
4780,Rio de Janeiro
4781,Nilópolis
4782,Rio de Janeiro
4783,Rio de Janeiro
4640,Mesquita
4641,Rio de Janeiro
4642,Rio de Janeiro
4643,Rio de Janeiro
4645,Queimados
4647,Rio de Janeiro
4649,Rio de Janeiro
4651,Rio de Janeiro
4652,São Gonçalo
4655,Nilópolis
4656,Nilópolis
4659,São João de Meriti
4660,Rio de Janeiro
4662,São João de Meriti
4663,Piraí
4667,Rio de Janeiro
4668,Rio de Janeiro
4669,Rio de Janeiro
4671,São Gonçalo
4463,Duque de Caxias
4946,Nova Iguaçu
4947,Rio de Janeiro
4948,Rio de Janeiro
4949,Rio de Janeiro
4954,São Gonçalo
4955,Rio de Janeiro
4956,São Gonçalo
529,Rio de Janeiro
622,Rio de Janeiro
4337,Rio de Janeiro
666,Duque de Caxias
1282,Rio de Janeiro
2180,São Gonçalo
104,São Gonçalo
4419,São Gonçalo
4582,Rio de Janeiro
4773,Rio de Janeiro
4848,Rio de Janeiro
4505,Rio de Janeiro
4742,Rio de Janeiro
4681,Rio de Janeiro
5003,Rio de Janeiro
5004,Rio de Janeiro
5005,Rio de Janeiro
1649,Nova Iguaçu
1431,Niterói
1452,São Gonçalo
2005,Rio de Janeiro
2035,Rio de Janeiro
2106,Rio de Janeiro
4318,Rio de Janeiro
1925,Duque de Caxias
4330,São Gonçalo
1184,Duque de Caxias
4298,Rio de Janeiro
2154,Duque de Caxias
4309,Rio de Janeiro
2188,Barra Mansa
2259,Magé
4872,Rio de Janeiro
4873,Rio de Janeiro
4468,Rio de Janeiro
4758,Niterói
4874,Rio de Janeiro
4875,Rio de Janeiro
4876,Rio de Janeiro
4877,Rio de Janeiro
4879,Rio de Janeiro
4882,São Gonçalo
4151,Saquarema
4928,Rio de Janeiro
4930,Rio de Janeiro
4931,Rio de Janeiro
4933,Rio de Janeiro
4935,Rio de Janeiro
4936,Rio de Janeiro
2496,Rio de Janeiro
2755,Duque de Caxias
5021,Rio de Janeiro
4584,Rio de Janeiro
4939,Rio de Janeiro
4940,Niterói
4941,Rio de Janeiro
599,Duque de Caxias
4351,Rio de Janeiro
4552,Rio de Janeiro
4323,São Gonçalo
1994,Rio de Janeiro
4524,São Gonçalo
4435,Rio de Janeiro
4595,Rio de Janeiro
4467,São Gonçalo
4644,Rio de Janeiro
4700,Rio de Janeiro
5010,Queimados
5011,Rio de Janeiro
4869,Rio de Janeiro
4734,Queimados
4507,Nova Iguaçu
3379,Rio de Janeiro
309,Rio de Janeiro
332,Rio de Janeiro
752,Nova Iguaçu
773,São Gonçalo
921,Rio de Janeiro
953,Rio de Janeiro
982,Magé
1014,Rio de Janeiro
1045,Duque de Caxias
811,São Gonçalo
817,Rio de Janeiro
900,Rio de Janeiro
1463,Niterói
1079,Rio de Janeiro
1100,São Gonçalo
1146,Rio de Janeiro
661,São João de Meriti
5022,Rio de Janeiro
5023,Rio de Janeiro
5024,São Gonçalo
5025,São Gonçalo
5026,Rio de Janeiro
1325,Rio de Janeiro
4563,Rio de Janeiro
4565,Itaboraí
1530,Duque de Caxias
1644,Nova Iguaçu
1439,Duque de Caxias
2030,Rio de Janeiro
2091,Rio de Janeiro
1199,Rio de Janeiro
1217,Nova Iguaçu
1237,Rio de Janeiro
1268,Rio de Janeiro
1275,Duque de Caxias
4325,Rio de Janeiro
4884,DUQUE DE CAXIAS
4885,Niterói
4886,Rio de Janeiro
4887,Rio de Janeiro
4888,Rio de Janeiro
4889,Rio de Janeiro
4739,Niterói
4959,Rio de Janeiro
4960,DUQUE DE CAXIAS
2669,São Gonçalo
2261,São Gonçalo
4911,Nova Iguaçu
3951,Rio de Janeiro
3217,Barra do Piraí
3267,Rio de Janeiro
804,Rio de Janeiro
898,Nova Iguaçu
424,Niterói
1516,Rio de Janeiro
1645,Rio de Janeiro
4570,Rio de Janeiro
3277,Petrópolis
4795,Rio de Janeiro
4439,Rio de Janeiro
4596,São Gonçalo
4761,Rio de Janeiro
4448,Rio de Janeiro
4465,São João de Meriti
4627,Rio de Janeiro
4852,Rio de Janeiro
4708,Rio de Janeiro
4743,Rio de Janeiro
4666,Nova Iguaçu
5016,Rio de Janeiro
5017,Rio de Janeiro
5018,Rio de Janeiro
5019,Rio de Janeiro
617,Rio de Janeiro
4918,Rio de Janeiro
4919,Rio de Janeiro
4921,Rio de Janeiro
4922,São Gonçalo
4923,São Gonçalo
4925,Rio de Janeiro
4926,Rio de Janeiro
4577,Rio de Janeiro
4944,Nova Iguaçu
1160,São Gonçalo
3204,Magé
475,Rio de Janeiro
275,Rio de Janeiro
73,Nova Iguaçu
119,Rio de Janeiro
131,Rio de Janeiro
174,São Gonçalo
220,Rio de Janeiro
263,Rio de Janeiro
370,Niterói
4952,Niterói
4953,Rio de Janeiro
4992,Nova Iguaçu
4393,Rio de Janeiro
4720,Niterói
415,Niterói
532,Niterói
4377,Rio de Janeiro
4349,Rio de Janeiro
1162,Rio de Janeiro
4403,Nova Iguaçu
1230,Belford Roxo
2661,Tanguá
4592,Rio de Janeiro
4519,Japeri
410,Niterói
447,Belford Roxo
514,Duque de Caxias
536,Duque de Caxias
4376,Rio de Janeiro
4279,São Gonçalo
296,Rio de Janeiro
208,Duque de Caxias
4277,Duque de Caxias
586,Rio de Janeiro
621,Rio de Janeiro
774,Duque de Caxias
931,Rio de Janeiro
908,Belford Roxo
1135,Duque de Caxias
1156,Rio de Janeiro
651,Rio de Janeiro
725,Niterói
4564,Rio de Janeiro
1548,Rio de Janeiro
1432,Niterói
4553,Queimados
2025,Cabo Frio
1290,Duque de Caxias
4299,Rio de Janeiro
4307,Rio de Janeiro
2240,Maricá
4572,Rio de Janeiro
4526,Nova Iguaçu
4799,Rio de Janeiro
4433,Rio de Janeiro
4597,Rio de Janeiro
4480,Rio de Janeiro
4633,Rio de Janeiro
4517,Japeri
4764,Rio de Janeiro
4672,DUQUE DE CAXIAS
4980,Rio de Janeiro
4981,Guapimirim
4982,Rio de Janeiro
249804,Belo Horizonte
250100,
5006,São Gonçalo
5007,Rio de Janeiro
4961,Rio de Janeiro
2006,Rio de Janeiro
249800,Belo Horizonte
4999,Rio de Janeiro
5000,DUQUE DE CAXIAS
4397,Rio de Janeiro
5012,Rio de Janeiro
5013,Rio de Janeiro
5014,Rio de Janeiro
4807,Rio de Janeiro
4836,Rio de Janeiro
4664,Nova Iguaçu
489,Rio de Janeiro
269,São Gonçalo
293,Rio de Janeiro
185,Rio de Janeiro
200,São Gonçalo
225,Duque de Caxias
440,Rio de Janeiro
4972,Rio de Janeiro
4973,Rio de Janeiro
4975,Rio de Janeiro
4985,DUQUE DE CAXIAS
4986,Rio de Janeiro
4987,Rio de Janeiro
4988,Rio de Janeiro
4990,Rio de Janeiro
4991,Rio de Janeiro
552,Rio de Janeiro
591,Rio de Janeiro
761,Rio de Janeiro
788,Duque de Caxias
801,Rio de Janeiro
979,Rio de Janeiro
998,Niterói
1042,Duque de Caxias
889,Rio de Janeiro
4372,Nova Iguaçu
1080,Rio de Janeiro
4962,Rio de Janeiro
4964,Rio de Janeiro
4965,Rio de Janeiro
4966,Rio de Janeiro
4967,Rio de Janeiro
4968,DUQUE DE CAXIAS
4969,Rio de Janeiro
4976,Rio de Janeiro
4977,Rio de Janeiro
4978,Rio de Janeiro
249801,Belo Horizonte
249803,Belo Horizonte
1117,Rio de Janeiro
1142,São Gonçalo
646,Belford Roxo
4900,Rio de Janeiro
730,Rio de Janeiro
1345,Nilopolis
1368,Rio de Janeiro
1545,Rio de Janeiro
1579,São Gonçalo
2855,Petrópolis
2889,Pinheiral
2977,Maricá
3031,Volta Redonda
3039,Volta Redonda
3648,Praia Grande
270,Rio de Janeiro
806,Rio de Janeiro
1837,Rio de Janeiro
3720,Teresópolis
3751,Praia Grande
3538,Nilopolis
3622,Rio de Janeiro
1552,Niterói
1017,Niterói
1061,Rio de Janeiro
1198,Rio de Janeiro
1215,Rio de Janeiro
4870,Rio de Janeiro
3229,Rio de Janeiro
3988,Guapimirim
4106,Rio de Janeiro
4135,Rio de Janeiro
4179,Rio de Janeiro
918,Rio de Janeiro
2826,Nova Iguaçu
2668,São João de Meriti
1380,Duque de Caxias
1666,Rio de Janeiro
1181,Rio de Janeiro
1267,Rio de Janeiro
57,Rio de Janeiro
3482,Tanguá
495,Rio de Janeiro
4579,Nova Iguaçu
1089,São Gonçalo
1910,São Gonçalo
4785,Nova Iguaçu
3724,São Vicente
3547,Rio de Janeiro
4069,Petrópolis
4163,Rio de Janeiro
4607,Rio de Janeiro
4610,Rio de Janeiro
4830,São Gonçalo
4733,Niterói
4494,Belford Roxo
1038,Itaboraí
5040,Rio de Janeiro
1216,Rio de Janeiro
2630,Rio de Janeiro
4727,Rio de Janeiro
4657,Japeri
5042,Rio de Janeiro
5043,Rio de Janeiro
5044,Rio de Janeiro
5045,Rio de Janeiro
5034,Rio de Janeiro
159,Nova Iguaçu
5036,São João de Meriti
360,Rio de Janeiro
1953,São Gonçalo
1011,Magé
4405,Rio de Janeiro
3982,Duque de Caxias
2242,São Gonçalo
4466,São João de Meriti
4863,Rio de Janeiro
4994,Rio de Janeiro
5050,Patos de Minas
12,São Gonçalo
1460,Niterói
5054,Nova Friburgo
5055,Nova Friburgo
5056,Nova Friburgo
5057,Nova Friburgo
3568,Praia Grande
4001,Ponta Grossa
981,Mage
4340,Nova Iguaçu
4327,Rio de Janeiro
91,Rio de Janeiro
4490,Rio de Janeiro
5058,Rio de Janeiro
5059,Rio de Janeiro
5060,Rio de Janeiro
4550,São Gonçalo
1171,São Gonçalo
2802,Rio Bonito
2509,São Gonçalo
4440,Rio de Janeiro
5062,Rio de Janeiro
5063,São João de Meriti
4355,Rio de Janeiro
259,Rio de Janeiro
5052,Rio de Janeiro
1617,Duque de Caxias
4974,CHINA
2042,Argentina
473,Rio de Janeiro
23,Nova Iguaçu
39,Rio de Janeiro
63,Niterói
117,Itaboraí
127,Rio de Janeiro
182,Nova Iguaçu
4273,Mangaratiba
345,Rio de Janeiro
430,Rio de Janeiro
508,Duque de Caxias
558,Rio de Janeiro
4379,Nova Iguaçu
4353,São Gonçalo
2093,Rio de Janeiro
2133,Rio de Janeiro
2159,Duque de Caxias
2193,Barra Mansa
2252,São Gonçalo
2820,Nova Iguaçu
2572,Maricá
2609,Niterói
2649,Rio de Janeiro
1740,Rio de Janeiro
1762,Rio de Janeiro
1803,Rio de Janeiro
1822,Nova Iguaçu
1851,São Gonçalo
1886,Rio de Janeiro
2548,Niterói
2748,São Gonçalo
3371,Duque de Caxias
3170,Valença
2689,São Gonçalo
2302,Rio de Janeiro
2330,Duque de Caxias
2362,Niterói
3092,Itatiaia
3120,Rio de Janeiro
3135,Resende
3290,Petrópolis
3324,Magé
3826,Rio de Janeiro
3860,Belford Roxo
3944,Niterói
3206,Teresópolis
3258,São João de Meriti
3614,Praia Grande
2960,Rio de Janeiro
2085,Rio de Janeiro
1769,Rio de Janeiro
771,Rio de Janeiro
3719,Santos
3750,Mongaguá
3774,Rio de Janeiro
3800,Rio de Janeiro
3430,Tanguá
3436,Petrópolis
3541,Rio de Janeiro
1009,Rio de Janeiro
4865,Rio de Janeiro
3236,São Gonçalo
4057,Mesquita
4081,Rio de Janeiro
1226,Rio de Janeiro
4148,Rio de Janeiro
714,Rio de Janeiro
2283,Niterói
1176,São Gonçalo
1218,Rio de Janeiro
35,Rio de Janeiro
4028,Rio de Janeiro
2311,Nova Iguaçu
146,São Gonçalo
1404,Belford Roxo
1703,Nova Iguaçu
2953,Niterói
4690,Rio de Janeiro
4793,Maricá
3495,São Gonçalo
3578,Praia Grande
4137,Nova Iguaçu
4434,Rio de Janeiro
4532,Carmo
4589,Belford Roxo
4760,MAGÉ
4822,Rio de Janeiro
4450,Rio de Janeiro
4472,Nova Iguaçu
4619,Rio de Janeiro
4679,Rio de Janeiro
4857,Rio de Janeiro
4491,São Gonçalo
4515,Rio de Janeiro
4732,Niterói
4648,Rio de Janeiro
4661,Mesquita
4934,Rio de Janeiro
2140,Rio de Janeiro
4754,Rio de Janeiro
5028,Rio de Janeiro
5029,Rio de Janeiro
5030,Nova Iguaçu
5031,Rio de Janeiro
4630,Rio de Janeiro
197,Japeri
2281,Rio de Janeiro
3839,Belford Roxo
1929,Rio de Janeiro
3918,Belford Roxo
4897,Niterói
5032,São Paulo
4394,Rio de Janeiro
3853,Nova Iguaçu
3901,Rio de Janeiro
1616,Rio de Janeiro
4476,Rio de Janeiro
5038,Rio de Janeiro
1487,Niterói
5046,Rio de Janeiro
5047,Rio de Janeiro
5048,Nova Friburgo
1689,Belford Roxo
465,Rio de Janeiro
290,Rio de Janeiro
33,Nova Iguaçu
72,Nova Iguaçu
96,Itaboraí
201,São Gonçalo
4278,São Gonçalo
412,Niterói
423,Niterói
511,Duque de Caxias
556,Rio de Janeiro
593,Rio de Janeiro
4383,Rio de Janeiro
320,Rio de Janeiro
748,Duque de Caxias
764,Rio de Janeiro
803,Rio de Janeiro
4360,Magé
1019,Rio de Janeiro
10,Nova Iguaçu
4421,Nova Iguaçu
820,Rio de Janeiro
867,São João de Meriti
890,Rio de Janeiro
1075,Rio de Janeiro
1090,São Gonçalo
1132,São Gonçalo
649,Rio de Janeiro
670,Duque de Caxias
1373,Rio de Janeiro
4395,São Gonçalo
1564,Rio de Janeiro
1646,Rio de Janeiro
1408,Itaboraí
1434,São Gonçalo
2058,Nilopolis
1262,Rio de Janeiro
1283,Rio de Janeiro
4022,São Gonçalo
1461,Niterói
280,Rio de Janeiro
2698,Duque de Caxias
2017,Rio de Janeiro
4654,São Gonçalo
1314,Queimados
4297,Rio de Janeiro
2130,Rio de Janeiro
2191,Barra Mansa
2213,Barra Mansa
2232,Rio de Janeiro
2839,Nova Iguaçu
2616,São Gonçalo
2636,Rio de Janeiro
1774,Duque de Caxias
1850,Rio de Janeiro
1877,Nova Iguaçu
1191,Rio de Janeiro
2555,Rio de Janeiro
2740,Rio de Janeiro
2757,Magé
2786,Rio de Janeiro
3354,Rio de Janeiro
3391,Niterói
3392,Petrópolis
3423,Petrópolis
2670,Duque de Caxias
2397,Barra Mansa
2424,Barra Mansa
2443,Barra Mansa
3088,Resende
3126,Resende
3292,Petrópolis
3320,Rio de Janeiro
3850,Nova Iguaçu
3952,Duque de Caxias
3209,Magé
3264,Santos
4545,Rio de Janeiro
2385,Rio de Janeiro
3095,Resende
3322,Rio de Janeiro
3822,Maricá
2850,Sapucaia
4456,Rio de Janeiro
249,Duque de Caxias
756,Rio de Janeiro
3717,Santos
3752,Mesquita
3603,Nova Iguaçu
2403,Barra Mansa
2729,Barra do Piraí
4004,São Gonçalo
4104,Belford Roxo
4139,Rio de Janeiro
4522,Rio de Janeiro
1143,Rio de Janeiro
38,Rio de Janeiro
745,Duque de Caxias
510,Belford Roxo
3310,Maricá
2926,Nilopolis
4784,Rio de Janeiro
4492,DUQUE DE CAXIAS
4765,Rio de Janeiro
60,Nova Iguaçu
4893,Rio de Janeiro
4274,Duque de Caxias
252,Rio de Janeiro
431,Rio de Janeiro
1060,Curitiba
1104,Sao Goncalo
637,Duque de Caxias
1346,Duque de Caxias
2257,Itaboraí
2521,São Gonçalo
2550,Itaboraí
3367,Nova Iguaçu
3398,Rio de Janeiro
2326,Belford Roxo
3144,Resende
1756,Rio de Janeiro
3510,Nilopolis
3573,Duque de Caxias
844,Rio de Janeiro
3974,Nova Iguaçu
4019,Rio de Janeiro
4078,Belford Roxo
681,Rio de Janeiro
723,Niterói
3006,Volta Redonda
1453,Rio de Janeiro
4614,São Gonçalo
3786,Rio de Janeiro
3425,Tanguá
2052,Cascavel
4321,Miguel Pereira
2662,Ponta Grossa
1806,Duque de Caxias
1891,Nova Iguaçu
3071,Volta Redonda
3759,Rio de Janeiro
4650,Xanxerê
4538,Nova Iguaçu
4569,DUQUE DE CAXIAS
613,Rio de Janeiro
4499,Rio de Janeiro
468,Rio de Janeiro
30,Nova Iguaçu
4350,Rio de Janeiro
962,Rio de Janeiro
887,Rio de Janeiro
679,Rio de Janeiro
1588,Rio de Janeiro
1400,São Gonçalo
1285,Niterói
2580,Maricá
2659,Rio de Janeiro
1775,Nova Iguaçu
1810,São Gonçalo
1874,Rio de Janeiro
2694,Rio de Janeiro
3344,Magé
2272,São Gonçalo
2420,Barra Mansa
3859,Nova Iguaçu
2943,Nilopolis
3670,Cubatão
3687,Rio de Janeiro
2251,Niterói
1656,Rio de Janeiro
1249,Rio de Janeiro
1256,São João de Meriti
3626,Teresópolis
4834,Niterói
4422,Niterói
577,Belford Roxo
2044,Rio de Janeiro
2104,Nova Iguaçu
2114,Rio de Janeiro
4304,Itaguaí
4314,Duque de Caxias
2197,Barra do Piraí
1890,Rio de Janeiro
3186,Rio de Janeiro
2481,São Gonçalo
3103,Teresópolis
3828,Nova Iguaçu
1687,Nova Iguaçu
1698,Nova Iguaçu
912,Rio de Janeiro
1225,Rio de Janeiro
634,Duque de Caxias
4809,Rio de Janeiro
4303,Rio de Janeiro
4998,Maricá
4284,Rio de Janeiro
502,Duque de Caxias
107,Belford Roxo
157,Rio de Janeiro
398,Niterói
533,Duque de Caxias
4386,São Gonçalo
308,Rio de Janeiro
749,Rio de Janeiro
4343,São Gonçalo
824,Rio de Janeiro
3429,Rio de Janeiro
1384,Nova Iguaçu
1542,Rio de Janeiro
1592,Rio de Janeiro
1454,Rio de Janeiro
2011,Rio de Janeiro
1192,Rio de Janeiro
1923,São Gonçalo
2591,Rio de Janeiro
1728,Nova Iguaçu
4724,Niterói
2787,Petrópolis
2264,Rio de Janeiro
3920,Rio de Janeiro
3251,Rio de Janeiro
2872,Belford Roxo
3971,Nova Iguaçu
3621,Rio de Janeiro
2221,Volta Redonda
3619,Rio de Janeiro
2436,Barra Mansa
978,Rio de Janeiro
4168,Duque de Caxias
1147,Rio de Janeiro
178,São Gonçalo
1527,Magé
4805,Rio de Janeiro
3780,Magé
4427,Rio de Janeiro
4539,São Gonçalo
4477,São João de Meriti
4646,DUQUE DE CAXIAS
4881,Nova Iguaçu
3723,Santos
628,Rio de Janeiro
4963,Tanguá
4525,Rio Bonito
5064,Rio de Janeiro
1294,Duque de Caxias
950,Rio de Janeiro
1051,Belford Roxo
829,Rio de Janeiro
4370,São Gonçalo
1108,São Gonçalo
4556,Rio de Janeiro
676,Niterói
716,Niterói
1340,Duque de Caxias
1367,Belford Roxo
1549,Rio de Janeiro
1578,Rio de Janeiro
1407,Rio de Janeiro
4286,Nova Iguaçu
2096,Rio de Janeiro
1956,São Gonçalo
2155,Rio de Janeiro
2254,Maricá
1777,Queimados
1780,Rio de Janeiro
1880,Mesquita
2567,Maricá
2705,São Gonçalo
3345,Teresópolis
3404,Itaboraí
3163,Bataguassu
2674,Rio de Janeiro
2284,Rio de Janeiro
2306,Rio de Janeiro
2341,Nilopolis
2430,Barra Mansa
2449,Barra Mansa
3082,Resende
3866,Rio de Janeiro
3903,Duque de Caxias
3948,Duque de Caxias
3232,Rio Bonito
3266,Rio de Janeiro
2950,Petrópolis
2978,Maricá
3034,Volta Redonda
3041,Pinheiral
3666,São Vicente
3680,Santos
2105,Nova Iguaçu
2510,Nova Iguaçu
3809,Rio de Janeiro
3446,Rio de Janeiro
3478,Petrópolis
3536,Rio de Janeiro
652,Nilopolis
1535,São Gonçalo
3001,Petrópolis
2470,Volta Redonda
3110,Teresópolis
2007,Rio de Janeiro
2033,Rio de Janeiro
3299,Saquarema
1213,Nova Iguaçu
1311,Rio de Janeiro
436,Rio de Janeiro
706,Duque de Caxias
1166,Rio de Janeiro
4101,Rio de Janeiro
2350,Rio de Janeiro
4695,Rio de Janeiro
3696,Rio de Janeiro
3808,Rio de Janeiro
4600,Japeri
4102,Rio de Janeiro
4719,Niterói
4617,Nova Iguaçu
4859,Rio de Janeiro
4510,Mesquita
4740,Curitiba
2324,Rio de Janeiro
996,Niterói
4548,Itutinga
4984,Rio de Janeiro
667,Duque de Caxias
4705,Rio de Janeiro
1310,Rio de Janeiro
969,Rio de Janeiro
2788,Petrópolis
4629,Rio de Janeiro
3386,Nova Iguaçu
3929,Rio de Janeiro
4127,Rio de Janeiro
4430,Nova Iguaçu
4593,Rio de Janeiro
4774,Niterói
4474,Nova Iguaçu
4390,Nilópolis
4880,Rio de Janeiro
5008,Rio de Janeiro
4335,Duque de Caxias
4315,Magé
970,Rio de Janeiro
1031,Niterói
1482,Rio de Janeiro
1506,São Gonçalo
1126,São Gonçalo
4392,Nova Iguaçu
1553,Rio de Janeiro
1189,São Gonçalo
1229,Rio de Janeiro
2806,Petrópolis
1736,Duque de Caxias
2354,Rio de Janeiro
2439,Barra Mansa
2979,Maricá
441,Nova Iguaçu
3454,Petrópolis
271,Rio de Janeiro
142,Queimados
377,Rio de Janeiro
393,São Gonçalo
611,Rio de Janeiro
858,São Gonçalo
1389,Belford Roxo
1603,Rio de Janeiro
1629,Rio de Janeiro
4551,Rio de Janeiro
2015,Rio de Janeiro
1695,Nova Iguaçu
1270,Nova Iguaçu
1966,Nilopolis
1980,São João de Meriti
2596,Rio de Janeiro
1846,Rio de Janeiro
3182,Rio das Flores
2432,Barra Mansa
1651,Rio de Janeiro
3477,Belford Roxo
1302,Rio de Janeiro
1939,Rio de Janeiro
1967,Rio de Janeiro
1971,Rio de Janeiro
1975,Rio de Janeiro
2119,Rio de Janeiro
2151,Rio de Janeiro
2189,Barra Mansa
2210,Volta Redonda
2215,Barra Mansa
2223,Volta Redonda
2227,Belford Roxo
3721,Rio de Janeiro
3737,Praia Grande
3742,Duque de Caxias
3755,Magé
365,Rio de Janeiro
470,Rio de Janeiro
4283,Rio de Janeiro
21,Rio de Janeiro
49,São Gonçalo
92,São Gonçalo
206,Duque de Caxias
4270,São Gonçalo
4275,Rio de Janeiro
251,São João de Meriti
413,São Gonçalo
425,São Gonçalo
4332,São Gonçalo
4333,Duque de Caxias
4904,Rio de Janeiro
4906,Rio de Janeiro
583,São João de Meriti
3518,São Gonçalo
3554,Itaboraí
3567,Praia Grande
3985,Petrópolis
4009,Rio de Janeiro
4030,Rio de Contas
4047,Nova Iguaçu
4059,Duque de Caxias
4090,Niterói
4124,Belford Roxo
4177,Duque de Caxias
260,Duque de Caxias
938,Rio de Janeiro
4575,Rio de Janeiro
4578,Rio de Janeiro
1312,Mesquita
2051,Nova Iguaçu
1811,São Gonçalo
4384,Rio de Janeiro
794,Duque de Caxias
928,Rio de Janeiro
949,Rio de Janeiro
985,Duque de Caxias
4356,Rio de Janeiro
1030,Rio de Janeiro
4907,Rio de Janeiro
1067,Duque de Caxias
4365,Rio de Janeiro
4369,Nova Iguaçu
845,São Gonçalo
857,São Gonçalo
877,São João de Meriti
904,Rio de Janeiro
1490,Duque de Caxias
1503,Rio de Janeiro
1078,Rio de Janeiro
2658,São Gonçalo
2450,Barra Mansa
3381,Duque de Caxias
2925,Itaguaí
3787,Rio de Janeiro
4694,Niterói
4788,Niterói
4792,Maricá
4798,Maricá
4804,Rio de Janeiro
4413,Belford Roxo
4423,Rio de Janeiro
4426,Rio de Janeiro
4432,Rio de Janeiro
4442,Japeri
4586,São João de Meriti
4598,Nova Iguaçu
4602,Itaboraí
1096,São Gonçalo
1106,São Gonçalo
1122,Duque de Caxias
1148,Rio de Janeiro
4560,Japeri
640,Duque de Caxias
665,Duque de Caxias
674,São Gonçalo
4388,Rio de Janeiro
1331,São Gonçalo
1353,São Gonçalo
1386,Duque de Caxias
4567,São João de Meriti
1550,Duque de Caxias
4398,Magé
4401,São João de Meriti
1575,Nilopolis
1612,Rio de Janeiro
4748,Japeri
4763,Rio de Janeiro
4775,Niterói
4778,Rio de Janeiro
4813,Niterói
4825,DUQUE DE CAXIAS
4457,Rio de Janeiro
4462,São João de Meriti
4478,Rio de Janeiro
4618,Rio de Janeiro
4625,Seropédica
4631,Rio de Janeiro
4678,Rio de Janeiro
4688,Rio de Janeiro
4835,Niterói
4842,Rio de Janeiro
4849,DUQUE DE CAXIAS
1677,Duque de Caxias
1457,Rio de Janeiro
2026,Cabo Frio
4289,Rio de Janeiro
4292,Mangaratiba
2054,Rio de Janeiro
1690,Rio de Janeiro
1214,Belford Roxo
1235,Duque de Caxias
1257,Queimados
4917,Rio de Janeiro
1286,Duque de Caxias
4319,Rio de Janeiro
4324,Rio de Janeiro
1941,Rio de Janeiro
1947,Duque de Caxias
1978,Rio de Janeiro
4295,Mangaratiba
5066,DUQUE DE CAXIAS
4856,Rio de Janeiro
4862,Rio de Janeiro
4488,Nilópolis
4504,Belo Horizonte
4509,Japeri
4516,Japeri
4713,Rio de Janeiro
4728,Rio de Janeiro
4752,Niterói
4766,DUQUE DE CAXIAS
4653,Rio de Janeiro
4658,Rio de Janeiro
4665,Rio de Janeiro
4670,Rio de Janeiro
4864,Rio de Janeiro
4957,São Gonçalo
4698,Rio de Janeiro
3999,São Gonçalo
2047,Rio de Janeiro
2143,Duque de Caxias
4308,Rio de Janeiro
2171,São Gonçalo
2183,Barra Mansa
4316,Duque de Caxias
2245,São Gonçalo
4574,Rio de Janeiro
2805,São João de Meriti
2810,Magé
2573,Rio de Janeiro
2587,São Gonçalo
2615,Belford Roxo
2647,Belford Roxo
2660,Belford Roxo
1729,Nova Iguaçu
1754,Seropédica
4620,Guapimirim
2112,Magé
2581,Maricá
4878,Niterói
4929,Rio de Janeiro
4932,Rio de Janeiro
4938,Rio de Janeiro
4942,Rio de Janeiro
873,São Gonçalo
4958,São Paulo
3158,São João de Meriti
4812,DUQUE DE CAXIAS
4514,Rio de Janeiro
4920,Rio de Janeiro
4924,Rio de Janeiro
94,Rio de Janeiro
4744,Rio de Janeiro
1773,Duque de Caxias
1796,Sao Goncalo
1802,Rio de Janeiro
1814,Rio de Janeiro
1839,São Gonçalo
1863,Duque de Caxias
1882,Nova Iguaçu
1911,São Gonçalo
2504,Rio de Janeiro
2558,Rio de Janeiro
2712,Itaboraí
4890,Niterói
3365,Novo Horizonte
3380,Duque de Caxias
3411,Itaboraí
3162,Conceição do Pará
2691,Belford Roxo
4547,Rio de Janeiro
809,São Gonçalo
2111,Duque de Caxias
542,Rio de Janeiro
4811,DUQUE DE CAXIAS
4855,Rio de Janeiro
4989,Rio de Janeiro
4363,Duque de Caxias
4970,Rio de Janeiro
249802,Belo Horizonte
1397,Duque de Caxias
4950,DUQUE DE CAXIAS
4725,Rio de Janeiro
4824,São Gonçalo
4131,Duque de Caxias
3408,Piraí
4411,Nova Iguaçu
4609,Rio de Janeiro
4832,São Gonçalo
2286,Rio de Janeiro
2298,Rio de Janeiro
2321,Itaboraí
2340,São João de Meriti
2359,Resende
2384,Rio de Janeiro
2413,Barra Mansa
2462,Barra Mansa
2469,Volta Redonda
3077,Itatiaia
3086,Resende
3097,Resende
3122,Araruama
3125,Resende
3155,Itaboraí
3285,Petrópolis
3304,Rio de Janeiro
3841,Duque de Caxias
948,Rio de Janeiro
2086,Duque de Caxias
4500,Rio de Janeiro
4342,Nova Iguaçu
5068,Nova Friburgo
5069,Rio de Janeiro
5070,Rio de Janeiro
5071,Nova Friburgo
5072,Nova Friburgo
5073,DUQUE DE CAXIAS
3458,Rio de Janeiro
3463,Petrópolis
3496,São Gonçalo
3527,Nova Iguaçu
3579,Santos
3584,Santos
3590,Santos
3595,Santos
3611,Rio de Janeiro
3881,Duque de Caxias
3910,Belford Roxo
3940,Duque de Caxias
3200,Itaboraí
3219,Engenheiro Paulo de Frontin
3257,Marica
2846,Nova Iguaçu
2892,Magé
2914,Duque de Caxias
2963,Petrópolis
2984,Nilopolis
3010,Duque de Caxias
3063,Barra do Piraí
3693,Mongaguá
3704,Mongaguá
3748,Itanhaém
3783,Nilopolis
3439,Petrópolis
3769,Duque de Caxias
3469,Petrópolis
3499,Petrópolis
3530,Nova Iguaçu
2972,Niterói
324,Rio de Janeiro
1916,São Gonçalo
3341,Rio de Janeiro
2849,Petrópolis
2971,Rio de Janeiro
3033,Volta Redonda
3645,Praia Grande
3193,Rio de Janeiro
4018,Rio de Janeiro
2794,Rio de Janeiro
1932,Rio de Janeiro
972,Rio de Janeiro
1043,Duque de Caxias
1913,Rio de Janeiro
2500,Nova Iguaçu
2156,São João de Meriti
3900,Duque de Caxias
3856,Nova Iguaçu
3480,Petrópolis
3467,Petrópolis
1349,Duque de Caxias
3342,Belford Roxo
3898,Queimados
3004,Rio de Janeiro
3040,Volta Redonda
1893,Rio de Janeiro
863,Rio de Janeiro
1158,São Gonçalo
3276,Rio de Janeiro
3765,Rio de Janeiro
3804,Magé
2870,Nova Iguaçu
5074,Rio de Janeiro
5075,DUQUE DE CAXIAS
5076,DUQUE DE CAXIAS
5084,Nova Friburgo
4428,Rio de Janeiro
5086,Rio de Janeiro
5087,São João de Meriti
5088,DUQUE DE CAXIAS
5089,Rio de Janeiro
5090,Rio de Janeiro
5091,Nova Friburgo
5092,Rio de Janeiro
5093,Nova Iguaçu
5094,Rio de Janeiro
5095,Nova Friburgo
2327,Rio de Janeiro
566,Duque de Caxias
5097,EXTERIOR
5098,Rio de Janeiro
387,Rio de Janeiro
5100,Rio de Janeiro
5101,DUQUE DE CAXIAS
5102,Rio de Janeiro
5103,Nova Iguaçu
5104,Rio de Janeiro
5105,Rio de Janeiro
5106,Rio de Janeiro
5107,São João de Meriti
5108,Rio de Janeiro
5109,Rio de Janeiro
5110,Mesquita
5111,Belford Roxo
5112,Nova Iguaçu
5113,Rio de Janeiro
5114,Belford Roxo
2230,Rio de Janeiro
2584,São Gonçalo
1719,Nova Iguaçu
2244,Belford Roxo
4020,Teresópolis
4060,Niterói
576,São João de Meriti
3224,Nilopolis
2905,Santos
3435,Petrópolis
3559,Praia Grande
1931,Duque de Caxias
2745,Magé
2778,Volta Redonda
5078,São Gonçalo
5079,Rio de Janeiro
5080,Rio de Janeiro
5082,Rio de Janeiro
1655,São João de Meriti
923,Rio de Janeiro
2466,Rio de Janeiro
4112,Rio de Janeiro
2445,Barra Mansa
1559,São Gonçalo
1590,Rio de Janeiro
1600,Rio de Janeiro
1024,Rio de Janeiro
1052,Rio de Janeiro
2523,Teresópolis
2726,Rio de Janeiro
1064,Rio de Janeiro
830,São Gonçalo
906,Rio de Janeiro
3175,Valença
3978,Queimados
3983,Rio de Janeiro
4011,Rio de Janeiro
4071,Maricá
4077,Seropédica
4097,Niterói
4103,Rio de Janeiro
4147,Rio de Janeiro
4175,Rio de Janeiro
531,São Gonçalo
559,Rio de Janeiro
569,São João de Meriti
603,Duque de Caxias
2804,Rio de Janeiro
2837,Nova Iguaçu
2602,Petrópolis
2626,São Gonçalo
677,Rio de Janeiro
705,Duque de Caxias
2320,Nova Iguaçu
721,Niterói
1359,Niterói
1391,Duque de Caxias
1532,Rio de Janeiro
2360,Rio de Janeiro
2380,Rio de Janeiro
3049,Volta Redonda
3060,Volta Redonda
3651,Praia Grande
3668,Santos
2452,Barra Mansa
2475,Barra Mansa
2492,Rio de Janeiro
3149,Teresópolis
1418,Rio de Janeiro
1426,Duque de Caxias
1440,São Gonçalo
1466,Rio de Janeiro
3315,Rio de Janeiro
3335,Rio de Janeiro
3352,Nilopolis
1103,São Gonçalo
1115,São Gonçalo
1141,Rio de Janeiro
1157,Rio de Janeiro
434,Rio de Janeiro
450,Belford Roxo
1263,Rio de Janeiro
1277,Rio de Janeiro
1297,São João de Meriti
1315,Rio de Janeiro
476,Rio de Janeiro
53,Rio de Janeiro
69,Rio de Janeiro
1977,Rio de Janeiro
2158,São Gonçalo
2173,São Gonçalo
2200,Volta Redonda
75,Nova Iguaçu
173,Nova Iguaçu
3745,Rio de Janeiro
3145,Teresópolis
3947,Rio de Janeiro
1098,São Gonçalo
2249,Rio de Janeiro
3418,Rio de Janeiro
3569,Praia Grande
2909,Volta Redonda
2937,Nova Iguaçu
2949,Petrópolis
3854,Nova Iguaçu
3886,Duque de Caxias
3912,Duque de Caxias
3970,Nova Iguaçu
3738,Magé
3764,Nova Iguaçu
3451,Rio de Janeiro
3460,São João de Meriti
3485,Itaboraí
3591,Santos
3601,Praia Grande
3620,Rio de Janeiro
4041,Rio de Janeiro
4092,Três Rios
4181,Rio de Janeiro
1016,Rio de Janeiro
2618,Rio de Janeiro
1812,São Gonçalo
680,Rio de Janeiro
715,Rio de Janeiro
2117,Niterói
4158,São João de Meriti
2177,Rio de Janeiro
515,Duque de Caxias
